,댓글,예측,실제
4,ㅇㄱㄹㅇ 피해자 유족들에 대한 정신적 보호와 베르테르 효과 등의 모방적인 결과를 방지하기 위해 실제 동영상이 있어도 안트는건 당연한 조치임사실 저런 인간들은 뭘 해도 박근혜 탓을 하며 까댈 인간들이라어차피 저런 자료실재할 경우를 공중파에서 틀어주면 유족들을 두 번 죽이는 짓이라고 까댔을 거임,0,1
10,존나 비교되네,1,0
16,박찬호 왜빼냐 십쉐야,0,1
19,아빠곰 애기곰 같은 하늘 ㅋㅋ,1,0
24,근데 존나 웃기긴하다ㅋㅋㅋㅋㅋㅋ요즘 여기저기 커뮤에 부정선거글만 올라오면 틀무새 존나 바글거림ㅋㅋㅋㅋㅋㅋㅋㅋㅋㅋㅋㅋㅋ 지들이 트럼프 부정선거에 뭐 찔리는게 있나 존나 하나하나 일일이 발작ㅋㅋ,1,0
47,ㅅㅂ ㄹㅇ 양이 ㅋㅋㅋㅋㅋㅋㅋㅋㅋㅋㅋㅋㅋㅋㅋㅋㅋㅋㅋㅋㅋㅋㅋㅋㅋㅋㅋㅋㅋㅋㅋㅋㅋㅋㅋㅋㅋㅋㅋㅋ,1,0
55,홧김에저렇게까지 때렸다고애가안죽은게정말감사할따름이다 너같은건진짜지옥불구덩이에떨어져야해,0,1
70,로또일등으로 서울 쩌리동네 아파트한채밖에 못산다 게이야 ㅜㅜ,0,1
77,아니 아무도 저방에 안들어가겠다면 가뜩이나 보지 종특인 정치질과 편가르기 왕따시키기가 심해질거란 생각 안드냐,0,1
97,아직도 원숭이 잔재가 있네,0,1
98,정부가 멍청해 벌금 10만원 너무 싼티나고 100만원으로 올려라 비싼티 좀 나게,1,0
106,나 한남동사는데 마포 7억 5천짜리 링크 가져와바라 아파트 주소랑 시팔쌔기냐 어케 3배기 쳐오르냐 구라 ㄴㄴ,1,0
115,흑인도 타고나면 하얀 뼛가루만 남음,1,0
140,얼마나 부귀 영화 누리 겠다고 사람을 죽이노 ㅋㅋㅋㅋㅋ결국 지인생이 좆되는걸 모르니 어휴 한심한 살인자,1,0
142,10대 여자 고기가 그렇게 비싸게 거래된다던뎅,0,1
148,그게 중국이 제대로 된 사회주의라는 개소리의 근거가 돼,0,1
169,정신나간인간 정신나간 더불어 공산당,1,0
185,뭔 또 개같은 논리일까,0,1
189,난 왜 아직 안웃기지아직 진성일게이가 안된건가,0,1
197,이거 ㄹㅇ 곤란 한게반격 안하면 좁밥 되는 상황이라는거야프랑스 교사 참수 당하자무슬림 여성 3킬로 보복 그리고다시 프랑스인 3명 사망에 그중 2명 참수ㄹㅇ 토박이 프랑스인이 반격 못하면 프랑스는 무슬림한테 정권 까지 내줘야 할거야,0,1
202,30년전이면 윗게이 말대로 한보 대우 삼미처럼 주식은 리스크있고 집이나 땅만 사놨어도 똑같애 ㅄ아,1,0
214,맞은놈은 두다리 뻣고 자도때린놈은 불안에 떨며 잔다,1,0
217,원래 인간은 개만도 못한 버러지들이 대부분임,0,1
221,애비가 사기횡령으로 공부하고 잘먹고 잘산 강용석은ㅋㅋㅋ,0,1
228,돼지라고 다 같은 돼지가 아니야 좀 부지런한 돼지 한정,0,1
237,조선족이 행동력이 강해서 제일 문제라고 본다,0,1
245,저거 우리나라에서도 저럼 ㅋㅋ건물들어갈 때 입구에서 코로나 명부 펜으로 작성하고 있는데펜으로 쓰고 있는 중에도 어떤 아지매 내 펜 뺏어갈라함 ㅋㅋ어이가 없어서 조용히 저먼저 쓸게요 하니까 아 죄송합니다 이러더라내가 볼땐 심성이 나쁜 거 보다도 그냥 교양없고 미개한거임,0,1
248,오지랍도 오지랍도 ㅉㅉ,1,0
250,야 시바 예전에 긍정어쩌고 하는 여자교수도 자살했다 여자 자존감이라는게그냥 허영심채우고 애기르고 이쁘다 해줄때 올라가는거지 저런 말하는사람이 제일 위험함,0,1
253,시발 그럴거면 기부한다고 하지를 말던가 왜 전부를 내걸고 희망품은 가족들한테 지옥같은 결말을 주지 아가하늘에서는 너가 하고 싶었던 모든걸 하고 다 이루길 바래 그리고 부모님 지켜줘,1,0
255,와 여자가 존나 많네,1,0
260,뒤늦게 재평가하면 뭐하노 정치짤야짤올릴시간에 관심도 안준 녀석들이,1,0
267,빙그레라면 맛있었는데 맛보면 이라면 매운콩라면존나 맛있었고 컵라면 캡틴도 존나 쩔어줬음,1,0
305,돈많은연예인이 불따는왜하노 결제하고보지 당췌모르겟노,1,0
330,아 소방관도 경찰도 존나 힘드신가보네요 그럼 다른 일 하시는건 어때요 왜 하고 있는건가요,0,1
359,적화통일은 착착 진행되고 있슴메,1,0
362,편안한 추석보내세요,1,0
372,근데 저게 무슨 의미야 폭탄이 터지면 어떻게 되는데 조국은 그냥 심지 찌끄레기구나 그러니까 타서 죽겠네 이제,0,1
376,대가리가 깨져서 좌표 잃었냐,0,1
394,문재인 더불어민주당 전체의원들 장관들 청와대 비서진들은 북한김정은이 한국에 사과를 했다고 믿는 바보인가 북한 김정은의 호구인가 그렇다면 살인자가 문재인 더불어민주당전체의원들 장관들 청와대비서진들의 친가 외가이종사촌의 친척들 사돈의 팔촌들까지 모조리 멸족시키고 문재인 더불어 민주당 전체의원들 장관들 청와대비서진들 당사자들에게 통보를 하면 사과를 했다고 받아드린다는건가,0,1
396,이정도면 대통령급 아니냐 ㅅㅂ,0,1
411,짤 와 시발 합성기술 좆돼노 ㅋㅋㅋㅋ노이머나이트,1,0
412,존나 목소리 나이 많아보인다40대 넘었냐,0,1
416,재앙 스타일 유행이노,0,1
419,이젠 폭스도 좆족만드네 ㅋㅋㅋ,1,0
434,너같은게 대통령이라니,0,1
439,미국에서 틀럭시 쓰면 치욕받음,0,1
441,판스프링 사고할 때 판스프링은서스펜션에서 떨어져나온 판스프링일 확률은 희박하고저런식으로 불법적으로 차 옆에 꽂아서 지지대로 쓰다가 좃되는게 대부분이다이기애초에 서스펜션 목적으로 만들었기 때문에 지나가던 차가 밟으면 통통튀듯이 솟아오르고옆이나 맞은편차선에서 다른차가 지나가다 걸리면 작살나는거지,1,0
461,세월호에 탄 아이들 엄마들이 안산이여서 그랬지 강남이였으면 그냥 조용히 추모하고 끝났을 사건이지,0,1
466,콧소리 지렸다 ㅋㅋ,0,1
472,ㅋㅋㅋㅋ 존나웃기네 일베하나 저 여규생 드립력 ㅆㅅㅌㅊ,0,1
510,와 개더럽네 부모가 중국인인듯,0,1
531,우한폐렴은 우리 문통님이 가장 아끼고 사랑하는 중국이 발원지잖아요 부디 문통은 손소독제 마스크 사용 그만하시고 우한폐렴도 따듯하게 문통품으로 맞아주세요,0,1
539,쓰레기를 대려다 정치를시켜도 빨갱ㅇㅣ문씨보다는 잘하겠다 ㅋㅋㅋㅋ,1,0
541,아프리카도 똥은 저렇게 안닦겠다 으,0,1
547,부디 저 쓰레기들 말무시하시고 꼭 힘내세요 그리고 꼭 저 신천지와뒤에 어떤세력인지 꼭 조사해주십시요 국민생명으로 정치질한 저 악의무리들 꼭 죄값받게 해주세요,1,0
555,둘다 모태 좌파들인데저여자는 전라도 광주출신 신영복을 가장 존경한다는,1,0
564,참답이없네 쩝ㅊ접,1,0
565,애들 트라우마 생길각,0,1
579,어맛 나랑 같은 오피스텔에 사는데 왜 저기만 테라스가잇냐긔 에잇 못쓰게해야겠긔 언냐들 내가 오늘 한남 사는 테라스에 음식물이랑 쓰레기 투척했어 잘했어,0,1
595,ㅏ 이상형 우리액희 개귀여어 하고풍거 삭다해라 매일이론 덕후마음 주접이라 할지라도 내가알게 모야시발 좌로인정 우로인정 압구루기 대굴대굴,1,0
599,이건 ㄹㅇ임틀니 타령해봤자 이건 맞음,0,1
606,상해말고 질병은 국내와 국외 건보 차등 두는게 맞다고 본다,1,0
611,서빙고산다 본인 친구들도 다 이태원 한남 이촌 이렇게 많이들 살지만 지금의 이태원은 개돼지들 유입 때문에 거들떠보지도 않음,1,0
661,각하를 욕하는 사람들 다 죽여버려도 교도소 안가는 법좀 만들어 주십시요,0,1
672,연예인들 자살하는거 아무감정도 없었는데슬프노 이기진짜 11월달은 뭔가있나보네ㅜㅜ,0,1
677,우째 ㅠ 나는,1,0
699,진짜 저샤끼는 태워죽여야지,0,1
704,1000배가자 이런 능력게이들 오래간만이노,0,1
705,철구게이 귀엽 ㅋ애처가에 딸바보일듯 ㅎ,1,0
725,아니 내가 바이든이 대통령이 됬으면 좋겠다고 했냐트럼프가 싫다고 했냐전문용어도 아니고 진행중이라는 일상용어를 굳이 영어로 썼냐고 물어본건데 좆족이 왜 나오냐 ㅋㅋㅋㅋ,1,0
726,이빨썩은 홍어산송장 바퀴벌레 짱개 하이브리드가 흥분했나보군 ㅋㅋㅋ,1,0
728,내눈엔 사람이 아니라 짐승으로 보인다동물도 아니다 짐승이다동물들도 지새끼 잃으면 잘못먹고 슬퍼한다미쳐날뛰고 지 자식 시체팔이하면서 행패부리는 것들은 사람이 아니다짐승새끼다,1,0
729,여대생 젖통 만져서 성추행으로 고소당함,0,1
730,병원이나 교육 문화 직장그걸떠나서 우리나라가 세계에서 이렇게 성장한건 서울몰빵으로 엄청난 시너지를 냈기때문임단점도 존나많지만 이게 현실이야지방은 사실상 동남아보다도 문명이 떨어짐,0,1
732,여기 활명수 두병 나두고 간다식후 한병씩,1,0
744,차라리 안고 타는게 낫지 않음 ㅅㅂ,1,0
754,ㅉ ㅉ 굿바이입럼프좌익들이 이 사람 당선 바라는 것 보니 끝났다 이기,0,1
770,그래도 서울대라는 집단이 고용한 교수인데 ㅅㅂ정말 한그릇 거하게 해먹으려고 저러는 걸까아니면 진심일까아니면 누가 협박하고있나 ㅋㅋ,1,0
771,사과를 하러왔나아님 염탐을 하러왔나왔으면 깨끗하게 남자답게 사과만 하고 가면될일이지저 새끼들 아직 똥인지 된장인지 정신못차렸다절대 합의해주지마라 치졸한인간들,1,0
784,홍위병 선동술 ㅋㅋ,1,0
786,와 생각 존나 짧네 4억이상 상속염려하면서 현금바꿔두는애가 자식한테 그대로 현금 줘서 보존이 될꺼같냐,1,0
793,문재인 대통령님 특수강간범 김학의 저래 그냥 내버려 둘 겁니까 조국 장관은 저래 수모를 당하도록 내버려 두고 특수강간범은 그냥 저래 방치하고 대한민국 언론과 사법부를 장악하고 있는 왜구 똥떵어리들 100년 만행을 그냥 저래 방치할 겁니까 노무현 처럼 또 저 사악한 왜구 똥떵어리들에게 또 역습 당할 겁니까 왜 저놈들이 차곡차곡 역습을 실행하고 있는데 그냥 방치만 하는 겁니까왜 국민들이 부여한 권력을 쥐고만 있고 사용을 안합니까프랑스 우익 드골처럼 대한민국의 진짜 우익 대통령이 되어서 민족반역 왜구 똥떵어리들을 모조리 청소 하세요안 그러면 왜구 똥떵어리들에게 또 반격 당합니다,0,1
795,기레기들 신경쓰지 마시고 홧팅하세요,0,1
804,옮인거 아니라고 븅신아직영과 가맹 구분도 못하노,1,0
823,CIA조심해라이기어느날갑자기 집에서 대량의 마약과함깨 참수된 동양인시체로 뉴스뜰듯,0,1
852,노무쿤 아이돌까지 섭렵한거야 ㅋ,0,1
856,여러 주에서 새벽에 동시다발적으로 발생한 게 그 새끼들이 새벽에 동시에 0 하나 더 입력오류했다는 팩트나 가져와라 어디서 어그로야,1,0
867,신병훈련소라 휴태폰 없음 ㅁㅈㅎ,1,0
898,개씹존잘의 참을성 ㄷㄷ,1,0
905,ㅋㅋㅋㅋㅋ개웃겼네 씨발 ㅋㅋㄲㄲ현대차 주주로써 뿌듯하노ㅋㅋㅋㅋ,1,0
906,꼬우면 너도 해라개 글러먹은 마인드 ㅂㅅㅋㅋ,0,1
908,중국 반도체굴기 백퍼 실패한다 코로나가 기가막힌 타이밍에 터졌음 ㅋ지금 짱개 반도체 업체들 공정 장비 대당 40억짜리를 삼성 tsmc넘으려고 다 건너 뛰고 최신버전으로 사다 죄다 박아서 이제 막 돌리려는 타이밍에 코로나 발발 오존나 망하고 결국 반도체는 평생 한국 댜만이 해먹을듯,0,1
914,경상도 싫으면 왜 경상도 대구에 본사 있는 일베함 언행불일치 ㅋㅋㅋㅋㅋㅋㅋㅋㅋㅋ,1,0
919,이슬람 무장단체 천안문 폭탄테러 꿀잼,0,1
928,근데 공식적으로 언론에선 저새끼 조선족 절대 아니라고 결론 짓지 않았냐인육 유통에 관한것도 사실무근이라고 하고,1,0
950,그리고 다음으로 흑형이 나타나서 혼내 준거냐,0,1
955,조개터쪽 아니냐,0,1
962,일베들 왜이리 설치냐,0,1
966,ㅋㅋㅋㅋㅋㅋㅋ재인이 욕 존나 처먹는중이네,1,0
970,파바는 빵만 팔면 끝이지 이딴것 존나 해,1,0
978,동무레 짱개 넘들은 죄다 죽여버리라우ㅇㅂ,1,0
980,그림이참 뜻깊내,1,0
984,저 사람 좌파냐,0,1
991,그래야 이런 미친 계획을 자기이름으로 승인해주지 ㅋㅋㅋ제정신 박힌 새끼면 리스크를 생각해서 이런거 승인못하지 ㅋㅋㅋ,1,0
997,보수 유튜브 보면 대부분 그리 생각함 오늘 ㄱ ㅐ 장수 유튜브에서도 이명박 종나 까드라 ㅋㅋㅋ 박근혜 탄핵주도 하고 문재앙 당선에 도와주고 꿀빨다가 깜빵 갔다고 죄로 보면 박근혜보다 훨씬 무겁다고 ㅋㅋㅋㅋㅋㅋㅋㅋㅋㅋㅋㅋㅋㅋㅋㅋㅋㅋㅋㅋㅋ,0,1
1018,역시 보쥐,0,1
1021,나 자지 큰데 av배우나 할까,0,1
1030,이걸 어떻게 혼자서 다 부르냐ㅋㅋㅋㅋ엠씨무현만 가능한줄 알았는데폐활량 ㅆㅅㅌㅊ,0,1
1031,재앙이 처럼마누라도내주고 너의후장도내줘야지,0,1
1032,맨날 논란 생기면 말 바꾸기나 하고 창피하지 않냐 초딩 새끼도 아니고 ㅉㅉ,1,0
1046,개똥같은 현기차 좀 고쳐주지,1,0
1079,니가 맛없는걸 쳐먹었나보지ㅋㅋ애들 존나 잘 쳐먹는다해외생활 11년차 현직이다,1,0
1084,진짜 무서운건 바이든도 분명 섹스테이프가 있다는거고 그걸 시진핑이 갖고 있겠지 바이든 대통령 되면 진짜 미국은 중국 시진핑이 시키는 대로 할거 같네,0,1
1089,자유민주주의가 공산주의를 못 이기는 이유그놈의 인권존중때문임,1,0
1092,그냥 한국인은 머리검은 미국인 수준밖에 안된다는 증거야여기 일베만 해도 99이상이 페미보빨러잖아,0,1
1099,신랑 입장에선 불쾌하겠노나같아도 언짢은데,1,0
1101,고맙다 이기야,1,0
1113,생각해보니 대정령이랑 김계란이랑 말투 목소리가 존나 비슷한것 같다,0,1
1114,문재앙을 뽑은 조선인들은,1,0
1117,부진찡 존예임,1,0
1118,뭔 개소리여 시발 ㅋㅋ 바로 전화한다음축하했는데오늘 동증1부 최고치 찍은건 아냐,1,0
1131,깝치지 말고 조용히 짜그러져 살면 안됨,0,1
1150,솔직히 방송보고 별로긴 했어요 특히 남편분은 애 아빠가 아니라 큰아들같았어요 보이는게 다는 아니겠지만 저런 시터이모 구하기 정말 힘듭니다 방송도 일도 중요하시겠지만 어린 혜정이와의 추억도 그때뿐입니다 나중에 후회하지마시구 혜정이와도 시간을 많이 보내셨음해요 방송에서 네 가족이 밝게 웃는 장면도 많았음 합니다,0,1
1159,아니 근데하라고했냐 지들이 저럴꺼알고지원한거자너,0,1
1160,나도 음모론 존나 싫어 하는데 이번 미 대선은 정말 믿을 수 없다,1,0
1174,멋있어 ㅠㅠㅠ 근데 게이아저씨 ㅅㅂㅋㅋㅋㅋㅋㅋㅋㅌㅋ,0,1
1182,죄다 빨간물 잇빠이들은 명단이네,0,1
1191,안타깝노 게이야,1,0
1192,니네 가족,0,1
1198,여자 와꾸 몸매가 어떤데,0,1
1200,판검사하면 법을 마음대로 자지보지 할수있음,0,1
1222,보이스웨어로 게이야 드립 플짤로 만듬ㅋㅋㅋㅋㅋㅋㅋㅋㅋㅋㅋㅋㅋㅋㅋㅋㅋㅋㅋ,0,1
1230,선진국은 필수로 진보우익이 나라를 수호한다없는 곳이 좌빨들에게 휘둘리는 후진국이더라,1,0
1240,효과 없음일베 방식으로 팩트로 승부 걸면 니가 어지간한 빡대가리가 아닌 이상 이김걔네가 배우는 역사가 워낙 왜곡돼 있기 때문에 팩트 위주의 토론에 약함,0,1
1243,수소이온농도가 존나 높으면 1인겨,1,0
1247,오 미친 나도 개빠르게 내려가서 세잎ㅍ 했ㄴ느데 옆에 라인인적 있엇ㅅ늗데,1,0
1250,저거 다 서약서 쓰고 하는건데김용호 선 존나 넘네,0,1
1264,한국에서 월클 축구선수 나온것만해도 감지덕지근데 손흥민 늙으면 ㅆㅂ 한국엔 손흥민 5분의 1 실력 되는 애들도 없다는거일본은 손흥민급은 아니더라도 해외파 로 국대 2군까지 40명 채울만큼존나 많은디,1,0
1270,난 영어교사중에 토익이 700점도 못넘는 교사들이 70에 육박한다는거에 놀랐다 얼마나 철밥통인거야 씨부레,0,1
1281,그냥 인강의 탈를 쓴 버러지라고 보면 되겠다 이기,0,1
1285,시발 내 이야기하는 줄알고 깜짝 놀랬다,0,1
1308,십팔 미쳤노,0,1
1313,준나시러 중국 존나시러시러시러시러시러,1,0
1327,그 사무엘잭슨닮은애랑 설현그룹ㅋ 염병,1,0
1328,문객 등단의 장 일베단숨에 레벨3찍는 기술보소,1,0
1340,저런새끼들이 수사권달라고 했다니 개 끔찍하다 ㄷㄷ,1,0
1369,조선시대는 한반도 역사상 최악의 시기 민도 관습 문화 건축 기술 모든것이 퇴보한 쓰레기시대,1,0
1376,견카님하 애미추에 대해서는 뭐 짖으실 말씀 없습니까,0,1
1378,여담으로 유튭 영어댓글보면 영문법 ㅈㄴ틀려도 지적하는애들은 한명도 없는데 우리나라만 유독 저럼 ㅋㅋ,0,1
1383,대리기사님이 맘단단히먹고 안봐주셧음 좋겠다우리가 윾가족을보며 느끼는 답답함을 저들도 뼈저리게 느껴보도록,0,1
1420,유입 바퀴벌레인듯,1,0
1421,드라마 보면서 진짜 서민 보기가 힘듬ㅋㅋ 솔직 진짜 서민이 부잣집 새끼들이랑 엮이기도 만무하곸ㅋㅋ,1,0
1440,대단하네 뭐라도 할 놈이다,0,1
1468,별로 없는데 사모안 미크로네시아 새끼들 많음 일본계도 많고 한국마켓 한국식당도 좀 있고 살만함,1,0
1485,아 존나 통쾌하다 주말내내 기분좋게 보낼거같다 ㅇㅂ머겅,0,1
1488,전체적으론 맞는데남부쪽은지나치게 미개하더라ㅋㅋ,0,1
1501,이거하나 사서 문재앙 쏘고싶다,0,1
1521,저거 뒷치기 야하다,0,1
1539,토니 홍저희 동네죽전 단국대 에도 타이 식당 좋은데있어요오세요제가 쏩니다,1,0
1544,판스프링도 단속하고 저런 적재방식도 추가로 단속해야지새끼야판스프링 원래 저런 방식으로 안쓰고 다른방식으로도 많이 달려있음,1,0
1553,긍정적으로 생각하자 게이야 부정적으로 생각하면 안댄다 말이 씨가 된다는 옛말이 있지 않노 그러니 일단은 축하 해주자 이기야,0,1
1568,애국게이 ㅇㅂ힘내라 이기,0,1
1586,히팔늠아 국민들 죽게만들구 개잡넘앗,1,0
1604,당신은 알고 있어요문재인씨 그사건,1,0
1624,존나 상남자 같은 연신내 출신으로 자랑스럽다,1,0
1638,김씨는 그냥 방위출신이자너 뭔 영어를 쓰고 지럴이여,0,1
1671,쥐박이는 사형에 전재산 국고회수해야지,0,1
1682,와이제 하다하다 현실합성 까지 사스가 노사모 저장소 근데 저건ㄹㅇ 개또라이네 ㅋㅋ,0,1
1685,빠르고 고통스럽게 너무 관대한거 아니냐천천히 매우고통스럽게 뒤져야지,1,0
1699,프리미어리거는 여자 만나면 안되냐 ㅋㅋㅋ 여자만나면 선구자역할 못해 여자 존나게 만나면서 공만 잘 차는 놈들도 많은데 ㅋㅋㅋㅋㅋ,1,0
1701,노무현짤 따라한거지 으이구,0,1
1705,윤석열은 요술장이임존재하지도 않는 최순실 태블릿 PC를 한대도 아니고 3대나 뚝딱하고 만들었음 특검시절윤석열이 하이에나같은 검새들과 IT 컴패니를 창업하면 눈깜빡하는사이에 태블릿PC 수만대도 만들수있음Fact임윤석열은 요술을하는 사탄임대통이되면 문쩝쩝 추한년보다 더 잔인할놈임 없는죄도 만들어내는 요술장이 윤석열,1,0
1707,나도 만나는 사람들 다 먹게 만듬첨에야 거부하는데 먹이다 보면 먹음 좋아하는 사람도 있고질싸를 못하니까 입에다 하는거임,0,1
1724,베이비 시터가 애기 돌봐주는 거지 가정부가 아니잖아요 제발ㅋㅋ 상대방 기분 생각 좀 하고 행동 해주세요 보기 안 좋아요,0,1
1737,공무원연금엔 퇴직금도 포함되어있다 븅신앜ㅋㅋㅋ5 아무것도 아닌거처럼 이야기하재9급이 20308급이 30607급 50706급부터는 최소 70부터 시작이고 기하급수적으로 늘어난다너 30년동안 매월 이만큼 국민연금에 50에서 70씩 이라도 넣느면 나중 연금으로 받는 돈이 얼마일까ㅋㅋ199만원이야 븅아넌 매월 국민연금 20만원은 내니ㅋㅋㅋ,1,0
1754,존나 자기 소신 있는 남자네,1,0
1764,저리 욕먹으면서까지 비제이하는거보니 그걸 감수하면서까지의 이익이 좋으니 하는건가 내같음 걍 때리치우고 다른거 하겟다,0,1
1779,진짜 실제로 보면서도 위화감 존나 들었던 상황이었음미국부터 바로잡고 그 다음 중공 없애고 그 다음 415 바로 잡아야함,1,0
1794,입 열기도 전에 사람 때리는 경상도 ㅋㅋ,0,1
1802,자기자식은 눈에넣어도 안아프다잖냐 아빠가 되보면안다,0,1
1807,6번 서비스로 보지늘 냅다 벌린자면,0,1
1820,ㅆㅂ 멕시칸과 16살때부터 애 몇씩 낳는 흑인들은,1,0
1826,근데 뭐 ㅅㅂ 여기서 씨부리는 뇌피셜로는 희망고문 밖에 안된다고 ㅂㅅ아,0,1
1839,좌표좀 주라 ㅇㅂ줄께,0,1
1846,부정선거 정황이 생각보다 설득력 있어보여서 의혹제기하는 건 나쁜거 아니잖아그리고 사실 미국 민주당은 잘 모르겠는데 여기 민좆당하는거 보면 괜히 거부감 들어 시발,1,0
1869,스윙스미만잡 락충들 닥ㅁㅈㅎ 21세기에는 국산힙합이 최고다 반박해봐라,0,1
1888,이젠 외국가수한테도 빠냐,0,1
1897,왤케 케바케냐ㅡㅡ30살 넘은 여자는 여자가 아니라고방청객 앞에서 직접 말 한 새끼는 저런거 없던데,1,0
1905,ㅋㅋㅋㅋㅋㅋㅋㅋㅋㅋ 오늘 저기서 잔치 하려고 그래픽 작업 존나게 해놨을건데 어쩌나 ㅋ,1,0
1907,그런새끼는 잡아야지,1,0
1923,메르스때 슈퍼전파자는 정부라더니,1,0
1932,이런 드론 놈들 저걸 얼마,1,0
1943,멋지네 한녀 궁디좀 만진게 큰 대수냐,1,0
1952,좆설관리 의문의 조갯물샤워행,0,1
1962,씨발 저번에 백종원편에서 웃겨 뒤지는 줄 알았다 2ㅂ ㅋㅋㅋ,1,0
1976,아따 알아보는건 니가해야자 팩트말해주면 예예하고 좆잡고 반성이나해라 ㅋㅋㅋ,1,0
1980,헐 야 나 진심 치앙마이인줄 여기 가자 미친,1,0
2002,38세에 저정도면 성형 잘하고 관리 잘햇네,0,1
2017,이런새낄 밴해야 ㅍㅌㅇㅂ가 사는데,0,1
2021,난 받아야되는데 오히려 못받음 ㅅㅂ,1,0
2026,왜싸우노 게이들아싸우지마라 이기야,1,0
2036,트럼프가 이기면 별 상관없지만바이든이 이기면 전 세계가 좆될걸 ㅋㅋㅋ,1,0
2040,일본 넥플릭스 일본어 더빙 비율90한국 넷플릭스 한국어 더빙 비율20한국 넥플릭스 이용자수 적지 않음한국 넥플릭스 비용 일본 보다 높음한국 이용자 대다수가 외국 영화 드라마 시청 목적으로 넷플릭스 가입함한국 넷플릭스는 그런 한국인들 선택권 보장을 위해 한국어 더빙에 투자해야 할 돈을 동남아 지역에서 선호도가 높은 한국 종북좌파 드라마 영화 제작에 투자하고 있음넷플릭스한테도 개돼지 취급 받는 한국인들 ㅠㅠ,0,1
2075,요것봐 찌야,1,0
2097,문재앙이 기업 억압하고 간섭하는 또라이라는 건 아는데문재앙이 이건희 회장을 죽였다는 근거는 대체 뭐임,0,1
2106,10 질 하는소리 하고 자빠졌네대통령 항개 잘못 뽑아 나라가 개판이네 써글,0,1
2130,중국은 아니다 ㅂㅅ아 ㅁㅈㅎ,0,1
2142,어차피 나 태어나기고 전에 일근데 심하게 일뽕냄새나서 ㅁㅈㅎ,0,1
2143,기럭지 ㅈㄴ 우월한거보소,0,1
2145,ㅅㅂ 뭔말인가 했네 ㅋㅋㅋㅋㅋㅋㅋㅋㅋㅋㅋㅋ그런건 그냥 좀 넘어가자 이새끼야 ㅋㅋㅋ따봉주고감,1,0
2148,자세히보니 도끼지국도 있네,1,0
2153,삼가 일 고게이의 명복을 액션빔,0,1
2187,ㅋㅋ 검열도 보지 헐대로 헐어서 느낌도없는 50대 상폐년이하겠지 같잖다 ㄹㅇ ㅋㅋㅋㅋㅋㅋㅋㅋㅋㅋ,0,1
2191,웹서핑을 통해 다운받은 것으로 확인되며 ㅋㅋㅋㅋㅋㅋㅋ 자랑입니까 더러워 죽겠네 역겨워 올린 이가 대표라던데 페이스북에서는 말 돌리고 뭐하는 겁니까 이 사과문에도 정작 누구의 책임인지는 안 적혀 있고 본 팀으로 적혀있네 ㅋㅋㅋㅋㅋ,0,1
2204,너넨 치파오 있자나,1,0
2207,그건 모든 이루베춘들이 다 알고있는 실체라 안잡혀감노,0,1
2213,존나 우낌 아직 언변이 깔끔하기까지 하진 않지만 우낀 부분은 정말 웃김,1,0
2217,전라국 음식임 한국 음식 아님,0,1
2220,60대할배가 20대영계랑 ㅅㅅ까지하고 돈까지 받는다고진짜 개오진다,0,1
2228,ㅋㅋ 그게 왜너 같은 애들 보면 좌파같음세상은 애플이 1등인거 여전 하고삼성은 완전 몰락중인게 뻔히 판매량으로 보여지는데 ㅋㅋㅋ무슨 놈의 아직도 좆플타령 ㅋㅋㅋ현실은 대한민국 삼성포함 모든기업 합쳐도애플 시총 못이김ㅋㅋㅋ,1,0
2232,뭐한다고 재벌이 숏다리 김치녀몸매의 표본인 송혜교를 스폰하냐 ㅁㅈㅎ,0,1
2235,삼키지말라구 띨빵이야,1,0
2239,일게이들하고는 의향과는 달리이미 미하원네덜란드의회유럽의회캐나다의회등 전세계적으로 115건이 위안부결의안 의결되었음그리고 유엔 인권위도 위안부 권고가 통과되었음이미 부정하기엔 너무 확정적이어서일본정부 공식입장은 고노담화에 따른 사과인건아냐 우익들하고 정치인들이 고노담화 수정하겠다고 떠들지만수정 후폭풍이 너무 커서 못건들고 있음일본정부공식입정사과 실질적인 행동증거있냐조까,0,1
2257,이근이나 빨어,1,0
2273,이새끼는 진짜네 ㅋㅋㅋ,1,0
2288,자한당 바미당 해산이 답입니다 이적행위 세금충은 축출 척결하고 토착왜구 박멸해야만 기회주의자들이 사라질거라 확신합니다,0,1
2289,ㅇㅂ고담2야 이거 지우지마라 ㅆ바꺼,0,1
2313,너네가 무슨 사회에 적응을 해 매장을 당해라,0,1
2317,단백질 보충제 미숫가루 때문에 우유 존나 사다 쳐먹는데노무 비싸다 ㅠㅠ,1,0
2329,당연히 적응 못하지 누가 전과자 니들하고 일하고 직원 쓰겠냐 그냥 살다 나와서 조용 히 죽어,0,1
2331,문재앙 정권과 415부정선거를 겪고 나니전두환이 대천사 미카엘 엔젤 두환이라는 사실을 알게 됨,0,1
2337,개굴개굴 하핫,1,0
2344,낳든 말든 뭔상관이야 지들 인생이나 잘살지,0,1
2360,ㅋㅋㅋ 태극기 구울새끼 가세연이나 보고 딸이나쳐라,1,0
2362,채노박은 없노,0,1
2381,통째로 자연나무 기둥으로 쓰는건 대담해보이긴 하네 건조같은거 제대로 될리가 없긴하다만,1,0
2392,잘 나와야 80프로가 아니다미국은 나 선거하겠다 하고 사전등록후 투표하는시스템이라100프로 가까이 나와도 이상할게없다물론 넘으면 문제다투표할 마음이 없는 사람은 걍 등록조차 안하기 때문에 포함이 되질않음그리고 나도 물론 짱퀴벌레 묻은 부정선거라고 생각함,1,0
2408,이미지 정치 하다가 지금 폭망하는데도 문재앙이나 이나겨니 형보수지 같은 새기들 계속 뽑는다 ㅆㅂ,1,0
2425,나도 그생각 ㅋㅋ 알바는 여자가 답인듯 ㅋㅋ,0,1
2442,놀고있네 악마,0,1
2463,안전화 갱,1,0
2468,ㅎㅅㅎ도 대준거임,0,1
2470,빠순이 순기능이노,0,1
2475,듣도보도 못한 나라에서 어깨피고 다니누 ㅋㅋㅋ 선진국에서는 안만나주노 ㅋㅋㅋㅋ,0,1
2479,소통 좋아하네 이나라에서 제발 꺼지기나 해라,0,1
2484,방시혁이 쇼미더머니 우승하는소리하고 자빠졌네 끄지라,0,1
2508,이런건 일베 제발 좀 신고해서 좌빨들 미국 입국 금지 협조좀 해줘라,1,0
2513,전세 못빼줘서 대위변제 넘어간 집중에 파산해서경매 넘어간 건 7000억 중에 경매 낙찰이 600억대밖에 안됐다즉 지금 가격은 경매가로도 알짜배기 아니면 안팔리는가격이라는 얘기다생명은 소중한거다 함부로 걸지마라불리한 시점에서 걸지마라 물량 떠넘기고 튀려는 검머외조선족들의 먹이가 되지마라,0,1
2525,ㅠ감옥에서 죽어서 나오겠네 ㅠㅠ,1,0
2541,훌륭하다그렇게 고생했는데 나눌줄도알고180음식쓰레기들이랑은 차원이다르네,0,1
2543,광주는 김대중 석방을 위해 내전을 일으켰기 때문에 폭력이 정당화 안되는 거고 미국민이 총을 든이유는 독립과 기본권을 짓밟는 독재자가 나타났을때 총을 들라고 해서 정당한 것임 미국의 핵무기중에 미니트맨이라는 것이 있는데 미니트맨은 독립전쟁때 수분이면 집합가능했던 미국의 민병대를 말하는 것임 이 민병대가 평소 사냥술로 단련되고 지역의 지리를 꿔고 있어서 영국 정규군을 물리친것임 미국은 민병들의 무장의 효용성을 잘알아서 침략자들이 처들어 올때나 독재자가 다시 나타날것에 기본권을 지키라고 대비해 총기소유를 허용한것임,1,0
2544,저거 하는 짓거리 보면 20대같은데 죄가 크다 지금 이시대에선3천만원정도가 맞다 5001000은 니미 이걸로 끝날 죄목이 아님 ㅋㅋ,0,1
2553,저런새끼는 죽여도 1도 양심의가책 느낄필요없다,1,0
2557,조선놈들이 다 그렇지모 ㅋㅋㅋㅋㅋㅋㅋㅋㅋㅋㅋㅋㅋㅋㅋㅋㅋㅋㅋ,0,1
2558,놀구있네 이제 어쩔겁니까전국적으로 다퍼졌는데당신 가족도 코로나에걸려서 죽었으면좋겠네요,0,1
2561,네 인생이 노잼이다,0,1
2580,꺼져 ㅡㅡ,1,0
2584,홍어 좆족 짱퀴벌레 새끼들 반박은 못하고 틀무새짓하노ㅋㅋ앵무새새끼들 한꺼번에 좆됐으면 좋겠다 ㅋㅋ,1,0
2586,늙은 정치인들 후진 센스로 미개대중들 점수따려하니저런 정책이 나오는거지여야 구별없이 늙은 고인물 정치인 최소 70강제적출해야 나라가 젊어지고 산다,1,0
2601,진짜 연여인도 결국에는 책도 읽고 머가리에 든 거 많아서 생각이 바른 사람들이 살아남는듯저런 텅텅 머가리들은 중고딩에서 배움이 멈춰서 나이 30을 먹든 40을 먹든 그냥 머가리 수준은 중고딩 수준임저거는 인성 문제가 아니라 못배우고 머가리는 텅텅 비었는 사람이 갑자기 예쁘다고 띄워주고 유명해지니까 처신하는 방법 자체를 모르는거임저런 행동이 결국 자신에게 돌아온다는 배움이 없다 쟤는,0,1
2613,미오쨩 내가 3년전에 3구멍 모두 돌림빵하고 버렷다,0,1
2624,밖에는 더 치열하게 살거든당신들이 만든 사회악으로 인해 불안에 떨어야하며 살아가고 있거든잘못된길을 갔다면 칭얼대지말고 당신들이 알아서 일어나당신들한테 왜 특혜를줘야해 웃기지도않어ㅡㅡ,1,0
2636,ㅋㅋㅋㅋㅋㅋ ㄹㅇ 얘는 처신 존나 잘하는것같음ㅋㅋㅋㅋㅋ 요즘 러시아 존나 조용하자너,1,0
2660,성광님 악플러들 다 신고해버리세요 저것들은 인간새끼도 아니에요 동료분 잘보내드리시고 악플러들 자기가 한 일 후회하게 해주세요,1,0
2676,틀니특징 드립칠 대가리가 없어서 남에꺼 배껴다가 그대로 씀 ㅋㅋㅋ 노땅이라 독창성이 제로,0,1
2714,레딧 구석탱이에서나 좀 쓰는짤일듯 ㅁㅈㅎ,0,1
2717,이기 일국대통이 ㅅㅍ,0,1
2724,행복해 널 언급할수있기에,1,0
2737,세월파이터들 ㅋㅋ,0,1
2743,하 휴가 여기로 가까충청,1,0
2748,ㄴㅇㅁ ㅂㅈ에있음 ㅋㅋ,0,1
2749,강제 사돈니기미,0,1
2755,조까는 소리 ㅁㅈㅎ유일하게 챙겨보는 예능이 놀리운토요일인데거기 나와서 문재인대통령님이라고 님짜 몇번을 강조하고지코한테 북한 갔다올만하다는 식으로 말하는거 듣고 박지선 손절했었는데뭔 정치색을 안드러내,0,1
2766,좆럼프 거르고 한국 언론은 통폐합하고 사지를 찢어야 함,1,0
2795,말 좀 조심해라 거 노예가 뭐냐대체노예상이겠지,0,1
2820,ㅇㅇ수고고생많노 복받아라 일름보 벷츙아 ㅋㅋ,1,0
2860,국회연설하는데온갖 잡놈들 까지 다 기어들어오냐오는놈들은 한정정해져있는데총을 들고가는거면그건 이상한 일 아닐까역대 대통령이 다 그러했다면당연한거겠지만 그것도 어니라면국회의원을 수상한 사람들로 인삭하고 다닌다는건데엄청 이상한거지,0,1
2861,박근혜때 밀어부치다 반대가 심해 중단됐지좌파정권 무자비함 느껴봐라,0,1
2869,영은문 없앤건 이완용임 ㅁㅈㅎ,0,1
2879,주식 1주도 명박이가 없는데 우리법 연구회 좌빨 판사가 으따 실소유주는 명박이랑께 이러면서 감방 보내버림그걸 대법원에서 확정한거치매 걸린 독재자가 존재하고 부정선거 대놓고 하는 아프리카 미개 독재국에서나 나올법한 우덜식 판결임,0,1
2881,민경욱 대통령 돠겠노이기 ㅋㅋㅋ,1,0
2882,저 분 뉘이신지 모르겠지만 하나도 안닮았음 화남,0,1
2886,문재앙도 당선축하한다고 메세지보내고 강경화도 바이든캠프 접촉하려고 떠나지않았노ㅋㅋㅋ 저기에 재앙이도 하나 넣어라 이기,1,0
2893,자살안당한것만이라도 다행이다 도망잘갔다,0,1
2897,근데 맹박이는 우파 정권 되어도 여적죄로 감방가야 하는게 맞아서 ㅁㅈㅎ,0,1
2907,저기 나열된 놈들 중에서 해처먹지 않은 놈 있냐누가 보면 아무 죄 없는 놈들 자유당 시절마냥 때려 잡아 처넣은줄 알겠다억울하면 다음 정권에서 응징하면 되는것이지 죄 짓고 정치보복한다고 이빨까냐,0,1
2935,나훈아도 곧 암살당할듯 ㅋㅋㅋ,0,1
2950,어휴 븅신들 미베인은 끝난 데이터 가지고 분석하는 사람인데 아직 안끝난 선거자료 가지고 뭘 하라고,1,0
2956,새꺄 해외로 튀면 인증해라 그래야 안심이 된다,1,0
2968,문재앙 보유국 든든하다 이기야,1,0
2974,뉴욕 놈 예뿐고,1,0
2979,점점 문재인이 보임ㅋ 쾡한눈 밉상주딩이,0,1
3002,반미 반일은 존나하지만 뭐필요하면 미국 일번 선진국은 어짜고 ㅋㅋㅋ,1,0
3021,스시생과일오렌지쥬스유럽생수 밑에 딱 깔려 있는데컵라면 서민코스프레 지겹따국민이 개돼지다,0,1
3024,개소리인게 ㅋㅋㅋ성대가 삼성지원받는데 고려대넘기냐삼성이 경대밀어줬는데 지금 위치가어디임 ㅋㅋ중대가 두산지원받았을때 체급넘겨서 서성한이랑 비빔,0,1
3054,ㅋㅋㅋㅋㅋㅋ ㅅㅂ ㅋㅋㅋㅋㅋㅋㅋㅋ kbsㅋㅋㅋㅋㅋㅋㅋㅋㅋ 훈아형 말 안듣노,0,1
3059,괜히 전라도가 까이는 거시 아니여,0,1
3061,와꾸쪽인듯 이빨은 걍 첨 분위기 어색하지 않을 정도만,0,1
3074,아동학대 데이트폭력 성폭력제발 좀 처벌 강하게,1,0
3083,락하면 ft아일랜드 씨엔블루 아니냐이기야,0,1
3096,씨벌럼보소 국정원 지하실에서 녹음중인 분한테,1,0
3100,강시 존나 볼품 없네 ㅋㅋㅋㅋㅋ,1,0
3118,이재용이 잡범이랑 같은 방을 쓴다고 말이안됨 당연히 독방이지 범털은 버스에서도 누구 옆에 안 앉힌다교도소 근처에도 안가본 기자년이 소설쓴거임,0,1
3125,당신 영어할줄알아 ㅋㅋ,1,0
3126,zzzzzzzzzzzzzzzzzzzzzz 최근 한달동안 일베중에 제일 꿀잼 ㅋㅋㅋㅋㅋㅋㅋㅋㅋㅋㅋㅋㅋㅋㅋㅋㅋㅋㅋㅋㅋㅋㅋㅋㅋ,1,0
3130,악 나도 강동구 빡세다 학교다니기,1,0
3151,넹 날려도 ㄱㅊ 그냥 딱 5개년치 1회독 하고갔어요 저도,1,0
3164,찌꺼기 그거라도 고맙게 처먹으란 얘기자나,0,1
3168,게이들아 중국 자본 들어올거란 선동에 속지마라20152018까지 중국자본이 3조미국자본이 2조 정도 사들였고그거 이번에 고점에 다 물려있다전세금 못빼줘서 손절하고 도망가는 외국인이 늘고있다문정부 정책은 공산화를 위한 외자몰수 같은 개념임이번 건은 통빨망 과학법칙 적용된다진실은 일베 선동 정반대다httpmnkbscokrmobilenewsviewdoncd4508648httpsnnewsnavercomarticle0320003038145,0,1
3169,22년 살아온 엠창 인생썰ssul,0,1
3170,바퀴벌레보다 더하네,1,0
3171,아니 참 진짜 모르면서 왜 자꾸 우기냐발코니랑 연결되는 창문만 구현해놓은 평면도잖아 왜 아는척을해벽면에 창문 안그려놨는데 뭔 개소리야,0,1
3177,우리나라도 대통령 2세랑 연예인 떡치기가 만연하겠지 귀걸이 새키 좀나 부럽다ㅜㅜ,0,1
3178,송장냄새 나는 67세의 페미영감 조개냄새에 취하는 것이 그렇게도 좋소,0,1
3180,티모가 아니라 노알라거든욧 ㅂㄷㅂㄷ,0,1
3185,이글 퍼간다 이기,1,0
3194,문재인은 좋겠다 지지율을 올릴수 있는 좋은 기회가 또 왔다 우환폐렴이 2차 확산이 진행중이다 아니 그전 보다 더 악화 될지도 모른다는 보고도 있다 문재인씨 역병이 퍼지고 있으니 최선을 다하는 모습을 보여주면 지지율이 또 올라 갈것입니다 병주고 약주고 국민들은 병주는 부분에 대해서는 일절 말하지 않고 약만 열심히 주면 쉽게 감동합니다 문재인씨 잘 알죠 너 그것으로 지금까지 쳐 먹어 왔으니까,0,1
3237,10년전에도 청주였구만 ㅂㅅ아,0,1
3238,놔둬봐라 회시아냐 호구 남자 하나 물어올지,0,1
3250,부모님을 애미 애비라고 표현하는 너도 정상은 아닌거 같다 누나나 다름없을듯ㅋㅋㅋ,0,1
3269,장모종 박완규 ㅋㅋ,0,1
3286,아는척 개 쩌네 ㅋㅋㅋㅋㅋㅋㅋㅋ 나 이분이랑 술도 한번 마셔봤는데 ㅋㅋㅋㅋㅋㅋㅋ호남은 개 뿔 ㅋㅋㅋㅋㅋㅋㅋㅋㅋㅋㅋㅋㅋㅋ,0,1
3296,마지막문장이 대박이네 ㅋㅋㅋ 나 방금 주식대박나서 나인원 사는상상함 고맙다 게이야,0,1
3299,차노박은 장례식장에도 직접 와서 혼자서 인터뷰 10분했어,0,1
3321,척좀 그만하자,0,1
3326,이런거보면 조선놈들 사대주의한게 사실인듯,0,1
3354,이슬람이 살기좋고 처벌약하고 pc충들이 가득한 만만한 유럽상대로나 저렇지무대뽀 중국공산당한테는 ㅋㅋㅋㅋㅋㅋ그래도 이슬람vs중국공산당 ㅋㅋ 꿈이 이루어졌으면 좋겠네,0,1
3365,꺼져 ㅡㅡ,1,0
3369,개히바락 뻘건쇠키,0,1
3371,극혐 다신 안들어옴,1,0
3386,니가 전라도에 있는 조선대학교 교수라고 치자선배 교수의 딸이 조선대학교를 다니는데 공부를 거의 안해도 대체적으로 좋은 성적을 줄게 뻔하고그리고 공부 못하는 돌대가리라도 그냥 합격시켜주지 않겠냐비리 천국인 전라도에서 못할게 뭐가 있겠냐우리나라에는 학벌 비리들이 많고 대학교 들어가는 루트만 3000여개나 된다고 하더라이번에 518유공자 자녀들이 서울대든 연세대에 대거 입학했다지이런 케이스들이 한둘이 아님 지금까지 불법적으로 들어간 것만 해도 수백명 이상은 족히 되고도 남을거다,0,1
3389,어휴 씨발 내가 저때 의경이라 매주 주말만 되면 부산에서 서울까지 존나 불편한 경찰버스로 왕복했음 버스 의자 존나 불편해서 소대 1명은 저때 허리디스크 걸림,1,0
3396,니말에 동조해주는건데 피해의식 오지네 ㅋㅋ 고향 전라도냐,0,1
3399,애들 한테 이 팩트 알려주면 날 존나게 매도하더라,0,1
3410,몽골놈들 가진건 힘 허세 아는척 세가지다,1,0
3427,끼잉 낑낑낑,1,0
3435,이야무현이 개잘생겼노,0,1
3459,곶감 협회가 너희 집으로 곧 감엌ㅋㅋㅋㅋㅋㅋㅋㅋㅋㅋㅋㅋㅋㅋㅋㅋㅋㅋㅋㅋㅋㅋㅋㅋㅋㅋㅋㅋㅋㅋㅋㅋㅋ,1,0
3503,흙수저만 군대를가고 외노자들도 안가는군대군전역증 노예인증,1,0
3514,조정래 한길사 인세구글에서 이 정도만 쳐도 관련 기사와 글들이 쏟아지는구만 무슨암튼 두 좌빨들 서로 소송전 벌이다가 둘다 뒤가 구려서 취하했다나 어쨌다나 ㅇㅇ,1,0
3525,통수맞으면 ㅇㅂ보증수표임 일게이한테 중고나라 사기먹었다 ㅇㅈㄹ하면 ㅇㅂ임 ㅋㅋ,1,0
3527,우리 소대장 생각나네 일은 존나 못하고 중대장에게 존나 까이면 우리생활관와서 혼자 울고,1,0
3537,이 새끼말 번역내가 어느날 휴대전화를 만든다고 치자카메라 부품도 필요하고GPS 부품도 들어가야 하겠고어플리케이션도 만들고물리적인 버튼도 SW적인 버튼으로 대체시켜야지이것들을 다른곳으로부터 가져와서 단순히 조립해 만드는 놈이 대단할까카메라 GPS 앱 등 휴대전화의 본질을 이루는 각 구성요소들의 세부 설계를 하는놈이 더 대단할까,1,0
3542,문재인이 떳다 재앙준비를 단단히하라 이거야,0,1
3563,남자시선이 없는곳에서 여자는 극악무도한 생명체다,0,1
3577,불나서 출동하는건 소수고 대부분은 룸쌀롱 소방점검이나 하는 새끼들요즘도 비슷할텐데 유흥업소들 대부분이 불법으로 개조해서소방점검 나오는 소방관들이 접대 1순위견찰들이야 불법영업 하는것만 안들키면 되는데소방점검은 나올때 마다 룸을 뽀갤수도 없곸ㅋㅋㅋㅋㅋㅋㅋ암튼 니들 망상하는 것 보다 훨씬 개꿀직업임ㅋㅋㅋㅋㅋㅋ,0,1
3604,검은옷게이 웃음터졌네,0,1
3606,난 속았을뿐이다 자위하것지,1,0
3608,대부분 어어 하다가 조국 꼬라지 보고 돌아서드라조국 새끼 꼬라지에 안 돌아서면 대가리 폼으로 달고 다니는 인간들이지,1,0
3611,허 ㅅㅂ ㅋㅋㅋㅋㅋㅋㅋㅋㅋㅋ,1,0
3622,여자지만 토나온다,0,1
3639,야이양반아 너 애비가 누구야,1,0
3640,노력은 가상하다만 정신병환자 같다 뇌내망상 오지네 ㅋㅋㅋㅋ,1,0
3650,저기 부대찌개는 두꺼지빕아님 하여튼 고마워 먹어보깨,1,0
3669,응 사실 내가 올해 바 시험 본 JD 졸업자라너 웬지 로퀴 냄새가 나서,1,0
3682,이런사람들은 마동석 같은 남자는 못죽인다 ㅋ,0,1
3705,ㅅㅂ ㅋㅋㅋㅋㅋㅋㅋㅋㅋ 워터마크 지금봤다 ㅋㅋㅋㅋㅋㅋ개천재노 ㅋㅋ,0,1
3715,순진하넼ㅋ전라도를 모르넼,0,1
3722,ㅇㅇ 단원고 애들이 언제부터 일본인되부렀노,0,1
3736,동생인 게이가 이글을 쓴 이유누나가 안대줘서임,0,1
3739,검둥이 죽는날이 물건터는 축제날이였네블랙프라이 데이 ㅅㅂ,0,1
3741,라디오 특성상 남자청취자 보단 기집년들이 조낸 쳐 듣기땜에 발끈한거지아무래도 기집년들 피드백 활동이 더 활발하니 떼로 몰려들어 게시판 초토화 시키는 화력이 쩜,0,1
3780,국민정서를 즈그 좆대로 선긋네 씹선비새끼들 ㄹㅇ,1,0
3791,말은 존나게잘해요 ㅋㅋ 말만 잘해,1,0
3818,그전엔 낫닝겐ㅋㅋㅋ,0,1
3819,북괴나 짱개 러샤 봐바라걔들도 부의 계급이 존재한다단 1퍼가 ㅆㅆㅅㅌㅊ로 살고99퍼는 거지로 사는데너가 1퍼에 속하겠냐,0,1
3826,국민이 묻는다2019 국민과의 대화서울 상동구페미니스트여중생신상청소년녀들까지 페미니스트 만들게하고 잘도하는 짓 봐라,0,1
3834,ㅅㅂ 맞는말을해도 듣지않는게 딱 하앙이느낌이네 언니손절치세요 그친구,0,1
3838,쇼도 4년째하니깐 식상하네 정신차려,0,1
3839,망상장애다 워터마크에대해 트럼프가 단 한마디도 안했다 바이든이 승리선언한 마당에 왜 입다무는가,0,1
3847,살면서 유일하게 응우너하는 놈,0,1
3859,사라고 부른다 아주,1,0
3866,내가 뭐랫냐 공산당 윗대가리 탁상기획까라면 까야헌게 또는 돈은 쳐먹엇응게일선에서는 되도않는거 알면서 마지못해 저지른 놈들이 많을거시다 여기저기 증거가 마구 터져나오는 마데인차이나 개허접 날림 주작질그딴 개허접 사기극에 에고무셔 함시롱 허술하게 당할놈들은 근본무골 겁쟁이 좃선놈들 밖에 없다고 햇냐 안햇냐저거 담당한놈들도 지들 개허접 주작질이 좃선에서 통하는거 보고 내심 놀랏을거다 이 나라의 무골근성에,1,0
3868,편의점에 파는 쥬스팩에 든 우유는 뭔 처리한거냐존나 구수하던대,1,0
3869,미친것들 많다 진짜 상도덕이없노 자기는 못난 현실이라 자격지심 느끼고 저러나봄 제3자 어린 내가 봐도 한심한디 저 두번째 다렉보낸 사람은 알라나 지가 한심한걸 저렇게 오지랖피우며 남일에 관심 가지기 전에 자기관리나 좀 했으면,0,1
3874,아침부터 꼴리게 하누 ㅋㅋㅋㅋㅋ,0,1
3914,익명 너 멍청한 거 알았으니까 가서 빨던 보지나 마저 빨아라,1,0
3928,혜민스님 서울 노른자땅 뷰 좋은 곳 거주하시고 마음 치유학교에서는 타로상담도 하시던데 아 전생체험도 하심 이미 종교인의 범주는 훨씬 벗어난듯 나보다 더 속세에 살고 계심,0,1
3969,조선족이랑 선보면 안되냐,0,1
3970,ㅋㅋ 염보성 말하는거 개웃김 ㅋㅋ빌딩도 있고 존나 부자라며 염보가 ㅋㅋ,1,0
3974,저사람 창렬 아니고 창열인데,0,1
3991,후두부 맞으면 순간적으로 경정맥에 피안통해서 의식 잃는다쟤는 엎드려서 쳐맞아서 후두부만 존나게 맞아서 반격못한듯워낙 위험한 부위라 고대 그리스 권노들이나 쓰던 기술이고 현대 권투에서는 반칙기술이다,1,0
4003,세월호천막에서 3명이서 집단빠구리하는건 왜 없냐,0,1
4009,허언증 환자성형충섹스중독,1,0
4012,저 역겨운 배신자새끼는 17년이 아니라그냥 1700년을 때려가지고 후손들까지 감옥살이 시켜야되는데,1,0
4014,니말이 맞는거 같다 게이야,0,1
4016,능력도 안되는게 인상쓰지마 졸라 재수엄따,1,0
4025,솔직히 사람답게 살아야지,0,1
4043,김남국 쟨 그냥 사람이보면 모자라보인다 ㅋㅋ,0,1
4047,한국축구 ㅈ됐다,0,1
4065,시민단체등 싹다 조져야해좌우고 나발이고 다 썩어빠져서 세금 축내는 기생충 새끼들임초기화 시키고 관리주체부터 만들어서 일년에 한번씩 감사받고 기부금입출금 전부 온라인에 게시하고 기준미달은 즉시 운영전지시켜야 됨시민단체 없다고 불편한거 1도 없음,1,0
4071,아니 절대 하나만 해 계절 빡세,1,0
4084,레이디 가가 정도 급이 되도 ㅂㅈ 팔고 다녀야 하냐허어 ㅂㅈ의 삶이란 ㅋㅋㅋ,0,1
4085,홍진기기 가문 이야기 보면 같은 사람들로 밖에 안보여 ㅋㅋㅋㅋ,1,0
4095,홍 어,1,0
4165,깨어있는 조선인만이 구제받을 수 있는 시간이다이제 얼마 안 남음 빨리 결혼하고 못을 박아라,0,1
4177,미개해서 그래,0,1
4180,오늘 국민의힘 씽크탱크인 여의도연구소에서 뭐라고 하는 줄 아냐 518은 폭동이 아니고 북한개입 없었고 유리창 하나 안깨졌다 이런 개소리 하더라지상욱이 거기 연구원장인 모양 ㅋㅋㅋㅋㅋ 보수는 완전 개판되어가는중 ㅋㅋ,0,1
4182,라도는 아닐걸 충북에서 마을돈 다끌어다 텼다던데,0,1
4187,문 욕하는 사람 사라짐ㅋㅋㅋㅋㅋ문은 해피함,1,0
4211,주작을 쳐도 저렇게 압승해버리면 너무 티나고그 후의 행보가 너무 부담이 되기때문에다들 존나 식은땀흘리는거임,1,0
4213,와 이 새낔ㅋㅋㅋ이글 ㅇㅂ 지분 30은 너한테 있다,0,1
4221,재드래곤 당신은 대체,1,0
4227,장애인들 운전 못하게 해야 한다 택시 타고 다니라고 해라,0,1
4234,미국똥꼬애무 ㅇㅂ,1,0
4240,전부 민영화지 왜 국민돈을 삥뜯어,1,0
4244,아 아쉽쓰,1,0
4277,학생때부터 페미 장착된한녀들 정말 조심해야인생 순간 망하거나 골로,1,0
4278,파키 그러니깐 무슨 파키스탄 로동자 부르는거 같네,0,1
4292,수입없으면 걍 쫄려뒤지시든가네물려받았는데 능력없으면뒤지는길만남은건가집한챈데 무능력이면고시원에서 버기면안되냐,0,1
4308,와 알바녀가 저정도 응디면,0,1
4313,저 글 느낌이 어째 북괴전사 느낌이 풍기는데,0,1
4338,구녕 생긴거 보소,0,1
4359,신경 1도 안 쓰임 알아서 뒤질거라,1,0
4362,하저런것들 때문에 스트레스를 받아야한다니 진짜 심각한다 대한민국 정부는 가만히 있네,0,1
4370,세상에 미친생각 하는사람들 많네,0,1
4385,ㅈㄹ 덩치가 크니까 노출 될 일이 더 많아서 까이는거지 별걸 다 보수엮는거봐라 ㅋㅋㅋㅋ 이정도면 망상을 넘어서 정신병이지 틀니새끼너같은놈들 때문에 보수라고 말을 못하는거야 ㅋㅋ,1,0
4394,그럼뭐해 심연속에서는 못생겼다는 자괴감과 열등감으로 똘똘 뭉쳐있다 겨우자기합리화 몇가지 이유 찾다 어느날 폭발해서 목숨끊어 버리는거 ㅋㅋㅋㅋ전에 그 행복전도사니 뭐니 나대다 남편이랑 동반자살한 아줌마 기억하냐남한테는 행복한모습만 보이고 괜찮은척 잘난척 살다 결국에는 열등감과 가질수 없는거에서 미쳐버리는거임솔까 좀 가증스럽지 ㅉㅉ,0,1
4407,개빡대가리라 친절히 설명해준다장협착이 아닌데 장협착 수술을 받고 필요없는 수술등 그로인한 천공이 생겨 사망한 명백한 의료 사고다내가 장협착때문에 죽었다고했냐 지혼자 망상피는거보소,0,1
4418,사람 귀한줄 모르는 부부 진화는 나이도 한참 어린데 아무리 대본이라고 해도 넘 심하지 않나,0,1
4446,이해가안됨 어린이집 보낼때랑 재울때랑 저정도면 그냥 얼굴보면 맞은거 티날거같은데 애기때리는사람은 진짜 죽이고싶다ㅡㅡ,0,1
4453,kbs 수신료는 내기 실타 보지도 않는구만,0,1
4455,잃을게 많으면 자제력이 생김20초반 만나던 여자친구가 콘돔 빼고 안에 싸달라 한 후 박으면서 5초동안 싸게되면 벌어질수 있는 일들이 주마등처럼 스쳐지나가며참게 되더라,0,1
4458,무식하고 무능한 문죄인,0,1
4464,맘에안들고 쾅쾅쾅 이거노,1,0
4468,인간답게살아라제발너그러다 퇴임후뻔하다알지 ㅂㄱㅎ처럼된다,0,1
4469,갓종신 성골빠다 근데 부인이 홍어출신이라,0,1
4472,무당새끼도 아니고 표정보고 확신 ㄷㄷ,1,0
4479,진짜 혐오 스럽다,0,1
4498,어쩐지 시발,1,0
4503,팔찌 개우끼닦ㅋㅋ 끼리끼리,1,0
4509,지저분한 사촌누나 방에서 뽕 나오더라그곳에서 자고싶다 나를 막대해줘,0,1
4530,사기 친건 친거고 당한건 당한거지아새끼들이 뭘 알겠냐 솔직히 ㅋㅋㅋ,1,0
4555,다시 보니까 오해할만 하게 적었네 ㅈㅅㅈㅅ,1,0
4563,불교 절스놈 들도 비리 존나 개 많은데 왜 안까이노,1,0
4577,일 열심히 하는척,0,1
4583,축구나 쳐보고 한 놈이 가짜뉴스 삼가라고 이 처형당할 놈아,0,1
4586,깊은 빡침이 느껴져서 쫄아서 ㅇㅂ,0,1
4588,존멋 근데 게이아저씨무셔ㄷㄷㄷㄷ,0,1
4599,헐 놈현 젊었을 때 모습임갠찬노ㅇㅂ,0,1
4617,나 뼛속까지 전정국만 보이나봐 영상 첫 댓글에 하꼬 정구기,1,0
4619,말도 안됀다곻허러ㅓ허,1,0
4629,진짜 꼴베기 싫지 않냐 ㅋㅋ,1,0
4641,게이가 쓰는 정보글 항상 잘보고 있다다음 정보글은 일본 제로센 vs 조선 소달구지 어떠노,0,1
4655,성광씨 표현 많이많이 하세요 아끼다 똥돼요 솔이씨 얼마나 이쁘고 귀여워요 글구 고마운 사람이잖아요,1,0
4666,119는 세금으로 운영 되는 곳인데 돈을 왜 줘,0,1
4673,ㅋㅋㅋㅋㅋㅋㅋㅋㅋㅋㅋㅋㅋㅋㅋㅋㅋㅋㅋㅋㅋㅊㅋㅋㅋㅋㅊㅅㅂ 마지막 존나 웃기네 ㅋㅍㅋㅍㅋㅍㅋㅍㅋㅋ,1,0
4680,12번 사진은 장애인임,0,1
4695,덩남아 냄시,0,1
4703,앞으로 향후 백년이상 방사능 황사를 마시고 살아야하는 운명방사능황사에대한 피해보상책임이 있는 중국한테는 중국몽이라고 찬양하고일본한테만 피해보상하라고 언론쇼하는 좌파,0,1
4713,로봉순같이 생깃노,0,1
4749,위성 통신병 어떰,1,0
4759,원래도 못생겼는데 점점 못생겨지는것 같노,0,1
4760,미쳤나 존나 ㄱㅇㅇ,1,0
4779,뒷구녕으로 설득 작업 존나 했겟지,0,1
4784,머리개크다 합성인줄,0,1
4806,여자가 조신하지 못 하니,1,0
4808,이해 해줘라 문재앙 까면 방송출연 다막히는데,0,1
4827,누구한테 실망했노이기,1,0
4831,대일본제국의 신민이였어야 됐다 독립은 잘못됐어,0,1
4832,"국이 너 분신하면 ㅇㅈ
ㅇㅋㄱㄱ",0,1
4849,그럼 뭐해 하는프로그램마다 시청률 폭망에 조기종영,0,1
4852,거의 개슬람 점조직 테러가 미국 흑인한국 전라도 홍어들 주도로 선거를 계기로 동시다발적으로 발생했다고 봐도 충분히 납득이 됨,1,0
4864,감옥 갔다오면 끝인거지 한국식 떼법 ㅁㅈㅎ,0,1
4866,그러게 우편투표를 왜허용해가지고 ㅅㅂ,1,0
4872,중국돈 몇푼에 나라팔 흑인 ㅇㅈ,0,1
4873,교통사고로 죽은 우리 작은 할배도 살려내 씨발 정부야,1,0
4882,내가 볼때 대깨호가 문재임 ㅋㅋㅋㅋ,1,0
4894,그건 언론사 피셜이고 경찰은 어떻게 검거했는지 공개한 적이 없어어쨋든 본캐 동원 ㅁㅈㅎ 박는다,0,1
4916,Big sleep죽음,0,1
4928,나도 전주 사람인데 홍어는 절대 못먹겟더라,0,1
4930,당신은 사랑받기위해 태어난 사람,1,0
4935,"무슨 증거가 없어 3가지 명시했는데술 처먹고 소란 피워서 출동한 경찰 패서 생긴 폭행죄성추행한거 아니라고 어거지
사망 사건 현장에 이근이 있는것도 팩트자 이제 니가 주장하는 뇌피셜을 씨부려봐",0,1
4936,이거보고 딸근머위 지지한다,0,1
4950,능지 모자라노저런 소수의 짓을 가지고이분법 프레임을 씌우는 페미들이 이상하다고는 생각 안해보냐니 논리면 범죄 저지른 한국인들때문에 혐한한테 피해봐도 할말 없어야 하는데니 대학 어디 나왔노,0,1
4962,문재앙 믿고 따라가면 니 아버지 월북자 되고 그냥 뭉개질텐데국제사회 UN 웜비어 야당이든 연대해서 문재앙 책임을 물어야 바로 잡히는 싸움이다,0,1
4970,개빡치내 이거 ㄹㅇ,0,1
4982,브라이언 박 목사 간증 l 저는 돈 많고 세상에서 성공한 쓰레기였습니다httpswwwyoutubecomwatchv8w6h33UxBTE,0,1
4984,진짜 까불게 생겼다,0,1
5016,그래서 끈기를 가지고 북한을 풍요롭게 했냐 1발,0,1
5021,아씨바 질투나서 ㅁㅈㅎ 3,0,1
5046,애국보수 문재인 북괴 쓸어담으러 가자,0,1
5075,진시황 애미디졌다는 소식 들었어 ㅠ,0,1
5077,저 버스를 탄사람들이 문제지,0,1
5104,난 알몸이야 내 몸을보고 싶지 않냐,0,1
5107,사라무니 아니무니다,0,1
5108,무서워서 못박겠다 존나박다가 저거 풀리는 순간 호되게 당할듯,0,1
5120,아니 못생기년이 왜캐 갑질함어리지도 않고 비율좋지도 않는데 왜캐 깝치지구설수에 오를수 있는 방법이 갑질뿐이라서 그런ㄱㅏ,0,1
5131,뭐래 저거 개 그지같은데,0,1
5134,건축법 쌩까고 맘대로 증축하면 누가 신고하고 건물 짓냐이행강제금 산출때 징벌배율로 한 1000프로 먹여서 존나 때려야함,0,1
5138,진짜 젓같네,0,1
5148,이젠 지가 휘어진 휠 들고 가서 손해배상 청구하는 놈들도 나올 차례임너도 통수 나도 통수 모두 통수,0,1
5162,포기 뭔개소리,1,0
5170,존나게 축하한다 이쁘게 잘키워라 ㅁㅈㅎ헤헤 ㅇㅂ,0,1
5174,이게 백퍼 짱개 주작인게한국하고 미국 투표조작 방식이 비슷함짱개가 아니고서야 두 나라에서 동일한 방식으로 주작질 할수있는 외부세력이 없음,0,1
5185,중국인을 죽여도 무죄인 이유,0,1
5247,주작 같은데 배터리 어떻게 충전 하며 꽃 드려놨을때 존나 수상한데 그걸 몰랐다고,1,0
5257,너 뭐하는게이냐진심 궁금해서묻는다,0,1
5258,그래도 지능은 재앙이보단 훨씬나음,0,1
5264,거기다 가장은 정년 앞둔 교감 or 교장이나 공무원퇴직금 쩔고 연금보장 장난 없음막내삼촌은 철없는 백수근데 찰떡궁합만나서 결혼 어디서 났는지 모르겠지만 가게하나 차리고 알콩달콩 애도 낳음성깔 까탈스런 장남은 대기업초년생 혹은 검사 혹은 변호사하필 그런 장남을 사모하는 여자는 재벌 딸 or 검사장 법원장 딸집안의 분위기 메이커 사고뭉치 차남은 알고보니 sky걔 여친도 집안이 쩔거나 얼굴이 ㅅㅌㅊ숫기없고 사춘기인 삼남은 알고보니 전교 5공부만 하는 거 같은데 여친이 있음가끔씩 얼굴 내비치는 노처녀 장녀는 잘나가는 디자이너거나 기획실장얘도 재벌남이랑 썸타는 중 나중에 재벌남이 함지고 4억짜리 2층주택에 찾아오는 걸 볼수 있음,1,0
5274,아이린머구의 수치ㅉㅉㅉ,1,0
5287,나도 궁금해서 그랬는데 나무들이 주는 물이라더라 ㅋㅋ 근데 계곡물에 병균 존나많아서 먹으면안됨 민물이여도오히려 소금기있는 바닷물이 더깨끗함ㅋㅋ 염분있는곳에 세균이 못살아서,0,1
5290,그러면서도 전혀 고마워하지 않는 바퀴들임,0,1
5295,종전선언 쳐돌았니 무고한 우리국민 하나 죽어나가는거 니한텐 아무것도 아니지,0,1
5298,중국으로 꺼져,0,1
5305,부정선거 밝혀지면 한국부정선거도 밝혀지고 경욱게이 부활하고 전광훈목사도 누명벗을거다,1,0
5338,됐어 ㅆㅂ놈들다나가혼자있고 싶다,1,0
5340,우리나라는 인육처먹어도 사형 아님 오늘 처음 알았네ㅋㅋ,0,1
5345,개미친놈이네 소름돋앗슴,1,0
5378,문쪽 여자는 아직 빨기 전 자세 잡고 있는거네 뒤에 둘은 먼저 시작했고,0,1
5405,교토랑 경주랑 비교부터 병센같은거다근본이다름,1,0
5413,시발 ㅋㅋㅋㅋㅋㅋㅋㅋㅋㅋㅋㅋㅋㅋ,1,0
5429,아마 엠창인생을 살고있을듯,0,1
5438,박성광은 결혼도 했는데 지들이 뭐라고 여기서 깽판침 잼민이냐ㅋㅋㅋㅋㅋㅋㅋㅋㅋㅋㅋㅋㅋㅋㅋㅋㅋㅋㅋㅋㅋㅋㅋㅋㅋㅋㅋㅋㅋㅋㅋㅋㅋ,0,1
5448,콩밥이 아까운뎅,0,1
5450,중세 유럽엔 똥오줌도 다 창밖으로 던졌다던데 ㅋㅋ,1,0
5455,공부못하면 뉴스도 읽지마라 이해도 못할꺼 뭐하러 읽노 ㅉㅉ ㅋㅋㅋㅋㅋㅋㅋㅋㅋㅋㅋ,0,1
5475,아들놈 쥬지가 그리도 크고 위대한데 아빠로써 대통령 안된다고 대수냐 아들놈 쥬지에 박힘을 당하려고 줄선 미성년 보지에 노망난 쭈그렁 쥬지 박아대면 이게 대통령보다 위대한 천국이다 이기야,0,1
5480,진짜 왜 저래 미친,0,1
5511,개때리고 싶다 진짜,0,1
5524,오원춘이랑 같은 방에 넣으면 재밌겠네칼 한자루 넣어주고 씨발 ㅎㅎ,1,0
5532,역사왜곡전문가를 전국민이보는 공중파에서 매주 주말 황금시간 방송내보내겠노 머가리가달렸으면 생각을좀해라게이야,0,1
5533,어차피 살새끼들은 다 사게되어있음수요가 있으니 공급이 있는거고시장원리가 그런거라 별 문제는 안되는데 자꾸 환경 이딴 개소리로 합리화하면서포장을 해대니까 그게 문제지,1,0
5537,어둠을 견뎌내 ㅋㅋㅋㅋㅋㅋㅋㅋㅋㅋㅋㅋㅋㅋㅋ 무지의 산물이네 충청도 라도 제2부대많음,0,1
5547,니가 왜 거기서 나와아,1,0
5558,너땜에 안돼 십색걍,0,1
5574,원래 미쳐찌 않냐,0,1
5581,가지가지한다 예능도 그대로 배끼면서,0,1
5588,대박 ㅅㅂ,1,0
5602,노알라후 아크바릌ㅋㅋㅋㅋㅋㅋㅋㅋㅋㅋㅋㅋㅋㅋㅋㅋㅋ,0,1
5614,전작권 전환 해달라고 떼쓰러 재앙이가 보냈겠지ㅋ,0,1
5615,네트워크 플레이하면 딴놈집에도 난입가능하지 않을까 싶기도 하고,0,1
5637,쟤 뿐만 아니라 딴 년놈들도 많아게네들도 다같이 몰아 갈아버리든지 해야지,1,0
5639,남자가 금색 샌달을 신을리는 없자냥,1,0
5640,느금마는 난자가 없던데,0,1
5655,저런 운지유튜버 널리고 널리지 않았냐반짝 뜨고 다시 사라지는 사람들 많다,0,1
5658,야 씨발 김사랑이 뭔 죄냐 어인터넷이라고 막말하는거 아니다 에헴,1,0
5676,아무나 박아달라고 사정하는년들도 일게이한테는사정 안하지 ㅠㅠ,0,1
5699,박식한 게이 ㅇㅂ,0,1
5700,반일 정신병,1,0
5705,백수래요 얼레리꼴레리,1,0
5707,졸커엽 닥ㅇㅂ,0,1
5709,바이든이 거의 5백만표 더 받았는데 뭔 개소리여재검표하면 바이든이 표 더 나올듯트럼프가 현직 대통령인디 말이 되는 소리를 해야제문재인이 이번 선거에서 싹쓸이 한게 국민의 힘 쉐끼들 선거 부정때문이라는 소리랑 논리가 같다 등신아,1,0
5717,바로 밑에 한 새끼 왔노 이기,1,0
5742,와 미친 진짜 대박이다 이건카드 vvip카드에 이름까지 진짜네 ㅇ미친,0,1
5767,아내눈 버렸노,0,1
5774,앗 미안,1,0
5782,뭔 씨발 뜬금없이 고소드립은 뭐임,1,0
5786,이게 맞다 자지랑 똥구멍이 사진에 보였다면 포함되어야 맞으니 변호사에게 계산해달라고해라,0,1
5801,ㅋㅋㄲㅋㅋ 아직 더 깨져봐야지ㅋㅋㅋㅋ,1,0
5815,노예가 되고싶다,1,0
5820,진짜 미국 증인보호프로그램처럼 우리나라 국정원도 이런 내부고발자 보호프로그램 있어야한다고 본다이렇게 북괴조직실체 낱낱히 까발려준 산 증인을 방치해도 되는거냐,0,1
5865,여친있을때 내가 알바하는데서 꽤이쁜 갓스물짜리 여알바생이 눈에 들어오더라 그래서 알바하면서 친해지고 번호따고 연락하다가 처음 사적으로 만난 토요일밤에 떡침서로 둘다 혼자사는중이니까 술먹고 2차로 둘중 한집으로 가자고 내가 제안했고 내집 보고싶다해서 술안주 사들고 내원룸행 원룸에서 그때 아형보다가 둘다 웃겨서 웃을때 내가 기회다싶어 일부러 여자애를 팔로 덮어버림 웃겨서 뒤집힌척 그랬더니 여자애가 순간 당황하길래 그대로 키스퍼붓고 갈데까지 감결국 이때 여알바생이 내 현여친쓰,0,1
5870,참관인이 그 짱ㄲㅐ 의용대였으니,1,0
5873,서초구 하면 떠오르는 단어법률 변호사돈좀 있는 놈들대가리에 먹물좀 쳐 먹은 놈들과연 서민을 위한 것일까아니면땅크같은 개소리하고 자빠졌네,1,0
5884,응 프랑스 이슬람 인구 600만흑인 400만흑니거이슬람 1000만명 ㅋㅋㅋㅋㅋㅋㅋㅋㅋㅋㅋㅋㅋㅋㅋㅋ응 이미 나라 먹혔어,0,1
5891,좌파는 빠른 손절이 개이득,0,1
5893,오늘 신년사 핞은 국민들 허탈하고 좌절시킬줄 아시는지요,1,0
5897,백팔번뇌봉이라고 말하고싶었던게 아닐까틀렸지만,0,1
5966,사과문 지웟네ㅋㅋ 역겹네요,0,1
5967,난 헬기는 시간이 안맞아서 경비행기 탔는데 쉬벌 넘 재미있네 기장이 뇨자,0,1
5971,보만대장경 ㅇㅂ,0,1
5993,선동이 성공적으로 먹히자 신난 문성근의 모습,0,1
6002,당신은 사랑받기위해 태어난 사람,1,0
6018,이념전쟁에서 적당히 ㅋㅋㅋㅋ멍청한 쥐박이 잘가라,0,1
6029,ㄹㅇ 예전엔 이런거보면 화났는데 이제는 그냥 조선에선 너무 당연한것들이라 그러려니 함 이 근본도없는 미개한 유사국가는 무조건 뜨는게 답임 남자들과 군인들을 개돼지 취급하는나라는 애국심을 받을 자격도 없음,1,0
6055,익명 아그야 너도 적어도 20대 후반이겠구나윤종신 앨범도 소장하고있고게이야 오늘 하루도 힘차게 보내자,0,1
6077,깜쳐도 해외응디는 가능 법적으로 뭐라 조질 이유가 없음 국내게이들만 ㅈ됨,1,0
6087,공허함 허탈함 밀려오는 감정 폭풍 어떻게 감당할까 sns 처 올리는 씹관종 연예인들은 반성 해야된다 저 아버지께 따듯한 말 한마디 주변에서 많이 자주 해주면 좋겠다,0,1
6101,사 라 져,1,0
6103,시발아 난 마눌한테 일베한다하면 뭔 말인지 모른다,1,0
6120,차라리 국회를 없애고 국정을 위한 법안들은 국민투표로 했으면 좋겠어요선거때마다 외쳐대는 국민을 위한 정치는 개뿔 국개의원들한테 지불되는 봉급으로 차라리 하급공무원들을 대폭 늘리는게 더 효율적인듯요,0,1
6133,익명 팬티를 삶고 라면을 끓였다고 했으니깐 물을 끓였다는거 아니노ㅋㅋ팬티를 외출 전에 삶아놓고 나갔다가 부으면 다시 끓일 필요가 없지아니면 다시 들어와서 외출전에 담아 놓기만 하고 삶을 이유도 없고ㅋㅋ그니깐 고로 물만 끓여서 팬티에다사 부은거ㅇㅇ,0,1
6167,충청도가 제2의 전라도 된지가 언젠데 그런 소리노 ㅋㅋ충청도 대표도시 머전은 지금 시장 국회의원 구청장 시의회 구의회까지 모두 민주당이 석권했다솔까 나이 60넘은 토박이 어르신들 정도야 니말대로 전형적인 충청도 성향 가지고있지요새 충청도 젊은놈들은 그냥 전라도 수도권 문빠들이랑 똑같다고 보면 된다,0,1
6169,귀척 김냄국,1,0
6171,레이디버그그 귀한걸엘리자베스 따먹고싶다 나두,0,1
6172,근데 애국노인네가 그룹섹스매니아인 건 좀 깨지,1,0
6176,ㅋ우리나라도 저럴고갗은대 으,1,0
6183,ㅈ까는소리 하지마세용,0,1
6191,중요한고비면 자리에서 내려와 박근혜정부나 니나 ㅉ,1,0
6196,한국의 부정선거가 결코 한국만의 문제가 아니었다미국이 한국의 부정선거에 대해 완벽히 알고 있으면서도 모르는척 하더니이게 뭔가 똑같이 당하지 않았나지금이라도 언론 정치인 지식인 년놈들은 정신차려라이게 결코 일부 자유우파만의 문제가 아니다,1,0
6199,대깨들은 기꺼이 중공 짱개들한테 더 내겠다고 할듯 ㅎ,1,0
6209,딸치는데 까지 몇일이 걸릴까 갑자기 궁금하네 부인일은 애도한다,0,1
6218,화장실 냄새를 음식 향으로 별미로 즐기는게 이해가 안감 맛있는 소스가 널려있는데,0,1
6223,문재인 더불어 민주당 전체의원들 장관들 청와대 비서진들과 북한 김정은의 똥구멍이나 핥아라 너희들은 이완용보다 더한 매국노다,0,1
6230,인방충은 ㅁㅈㅎ,0,1
6244,미친거 아냐 27,0,1
6274,이게 레알임ㅋㅋ 우리형 약국 하는데 개업할때 갓수 생황할 때라 매일 가서 잡무 거들었거든ㅋㅋ 진짜 깜짝 놀란게 박카스 비타500 같은 네임드 드링크 한병 팔면 5원 남는다 더라ㄷㄷ 50원이 아니라 5원ㅋㅋㅋㅋㅋ 그런데 생생톤인가 그 박카스 유사 드링크 있는데 정확히 기억은 안나지만 이건 마진률이 50가 넘었음ㅋㅋ 브랜드 미조제 의약품은 진짜 거의 서비스피도 안남을 만큼 마진률 더럽게 짠데 유사 네임드 없는 약들은 진짜 오지게 많이 남음ㅋㅋㅋㅋㅋ,1,0
6278,혁신ㅋㅋㅋ ㅈㄴ 혁신적이긴하지 지금,0,1
6280,넌 개소리인데 신해철 인간미랑 천재 맞음,1,0
6281,연장 휘두른 놈은 반장급맞은사람은 평사원막대기 날아드는거 손으로본능적인막다가 부러짐,0,1
6304,ㅇㅇ 홍준표 대표적 간잽이임국해에 홍씨들이 유독 많음 특히 저짝동네에,1,0
6321,더불어 민주당 마인드가 딱저럼ㅋㅋㅋ 내아이는 중요하고 니아이는중요하지않자나이마인드임 ㅋㅋ 강한 자격지심 나는해도된다 이런 의식이랑 겸으로 선민의식 유교사대의식도 전라디언 더불어강간당 트레이드마크임,0,1
6330,이름 안정엽이라고 나오잖아 새꺄,0,1
6331,의도적으로 뼈를 잘 바른 시체의 의도를 묻는거잖아물고기를 난도질하지 않고 식용으로 먹으려면 저렇게 반듯하게 썰듯이오원춘이 살육한 시체도 저렇게 뼈가 잘 발렸다는 뜻이라고,0,1
6339,나도 조교 죽이고 싶다는 생각 몇번 들었는데몇년 지나고 보니까 니말처럼 온갖 잡쓰레기 사고 없이 굴릴려면빡쌔게 갈궈야 할것같음훈련소부터 좋은게 좋다고 풀어주면 개판될께 뻔함,0,1
6344,사회가 비정상이라서 반 사회적인 새끼들이 정상처럼 들리는 이상한 세상임,1,0
6348,35살인데 머리가 왜저래,0,1
6358,댓글 존나 사이다ㅋㅋㅋㅋㅋㅋㅋㅋㅋㅋㅋㅋ 레알 좀 뜬다 싶으면 다 지들거래ㅋㅋㅋㅋㅋㅋㅋㅋㅋㅋㅋㅋㅋ,1,0
6363,인간의 정해진수명은 게놈프로젝트로 다 밝혀졌는데 개소리하노 ㅋㅋ 40세면 모두 수명 다해 뒤져야됨,1,0
6374,1500만개 생산이면미국인구가 3억인데 턱없이 모자르지1억개 생산해도 13인데 미국인구의당장 미국도 못맞는데 한국은 택도 없지그리고 미국인 대상으로 임상실험한거라서 똥양인한테 안맞을수도 있음,1,0
6379,그 때 그시절룰라 짱짱,1,0
6393,기껏 한다는 소리가 주작아님 ㅎㅎ이거 봤냐 httpsmilbecomview11297967455page5호구떨지말고 딸이나치세요,0,1
6429,개 극혐이다 언팔 합니다,1,0
6450,뇌가 없네가장 우선 순위가 백혈평 피해자들에게 가야 할 몫인데그 돈을 건물 짓는데 쓴 걸 옹호하고 있네ㅋㅋㅋㅋㅋㅋㅋㅋㅋㅋㅋㅋㅋㅋㅋㅋㅋ,0,1
6453,조선인들 이런거 보고 일뽕이니 뭐니 ㅂㄷㅂㄷ 하지 말고 걍 현실을 담백하게 받아들였으면 좋겠다,0,1
6486,느금마가 실수로 감옥가도 똑같은 소리해라,0,1
6503,ㄷ ㄷ ㄷ ㄷ 대단하노 각오가 ㅎㅎ뭐 암튼 ㅊㅋ한다 외모컴플렉스 탈출한거 난 걍 이렇게 찌질하게 살다 뒤질란다 ㅎㅎ,1,0
6517,너무 돈좀 그만 밝히시면 좋겠어요방송보다가 보면 채널 돌려버리고 싶어요,0,1
6518,ㅉㅉ 뭐 ㅋㅋ그럴줄알았다,0,1
6524,글쓴게이말대로 된다고해도트럼프가 바이든을 감방에 보내는 일은 없을거다정상적으로 선거인단 확보한식으로해서 조용히물러가게 확 가능성이 높고 대신 바이든이 가진중국과의 거래증거를 확보한다음 뒤로 중국을 조지는게훨씬 무리없는 방법임민주당 지지자들도 자신들이 짱개한테 놀아났다는수치보다는 단합된 아메리카라는 긍지아래 살아가는게계산상 나으니까그냥 나같으면 그렇게 할것 같다고 ㅋㅋ,0,1
6533,뭔 시진핑이랑 바이든이 69섹스하는 소리를 하고 앉았어,0,1
6534,최민식 저거지금껏 한 영화 보면 존나 쎄함아마 조재현 마냥 캐보면 미투 수두룩하게 나올거다,1,0
6561,영어 잘하노 게이야 ㅇㅂ,0,1
6570,업체공개하라구 이젠 실명제 도입해야되자나 다른잘하는업체들 협력업체들 된서리맞지않게 기렉쓰야,0,1
6574,저 팬션 주인이 진짜 사업마인드가 있다면 오히려 고유정 살인사건 팬션으로 홍보해서 귀신 체험 하고 싶은 새끼들 상대로 장사했겠지,1,0
6580,내가 언재 대통령을 깠는데 이 놈아,1,0
6583,조선말 그자체,0,1
6590,상등신반역매극노넌반드시 아웃될거야,0,1
6599,ㅋㅋㅋㅋㅋㅋㅋㅋㅋ존나 참을 수가 없다,0,1
6608,뭔 개소리야 뇌물 달라는거 아니냐,0,1
6609,부럽네 너도 대달라하셈,0,1
6612,너 줒되라고 ㅇㅂ 누른애들 숫자봐라,0,1
6617,빡빡이 아저씨 발가락감각 살아있네,1,0
6648,어느 한 네티즌일게이,1,0
6653,그냥 애 클때까지만 남자참고 못견디냐 지 애 저리만든놈이랑 어울리면 엄마란 뇨 온도 뻔하다 아이가 불쌍하다,0,1
6663,멘헤라쨩 일베충이었노,0,1
6669,그래도 수컷자지는 항상 모자이크 하는게 좋을듯,0,1
6679,늙은이들 뼈맞고 존나 아파하노 ㅋㅋㅋㅋ,1,0
6697,애비도 차옆에 세워두고 같이 인증해라ㅅㅂㄹㅁ,1,0
6712,쟤 신곡내고 댓글 막아놨던데 ㅋㅋㅋ어차피 운지야 쟤회생 타이밍는 이미 지남,0,1
6717,어휴집주인집을 담보로 무이자로 목돈을 받음 은행보다 좋음세입자매달 꼬박꼬박 월세 날리는 대신 집값보단 안되지만 그 목돈을 보존할 수 있음 추후 돈을 더 보태서 집 살 수 있게끔이 제도는 옛날 은행이자 두둑히 줄 때 생겨난 제도인데 문화적으로 정착되서 지금까지 이어온 거임 아마 니 애미애비도 옛날에 전세 덕분에 괜찮은 집에서 원금 안 까먹고 살다가 나중에 전세 졸업하고 집을 샀었겠지장담하거니와 전세 덕분에 경쟁 품목인 월세 가격가 억제되는 효과도 있었을 거임아 됐고 앞으로 넌 월급의 3050를 월세로 꼬박 꼬박 내고 살어라 그 좋은 선진국 처럼난 이미 집이 있어서 개꿀,0,1
6719,이런 미친 고퀄을 봤나,0,1
6736,동성애 말고 로린이해라,0,1
6748,원래 재산도 꽤 이루시고 자기 잘난맛에 살고 성격 대단하신 분인데10년동안 항암과 재발을 거듭하시고 재산 다 날리고 몸도 말을 안들으니사람이 더 드세지고 말도 안되는 소리하시고 주변인들 괴롭힘짜증나서 안들어주면 애비가 죽어가고 있는데 너는 사는게 즐겁냐이런식으로 못살게 굼 들어주면 끝이 없음온세상이 자기를 중심으로 돌아가야 정상이라 믿음옛날엔 바쁘시고 저녁때 잠깐 얼굴보고 주무셨는데아파서 어디 가시지도 못하고 하루종일 집에서 가족들에게 그러심몸이 아파서 세상만사에 화가 나서 그랬을꺼 같은데10년 간병에 효자 없다는 말을 절절히 깨달음엄마가 불쌍해서 아버지 버리지도 못했어,0,1
6773,마 누구 닭가슴살 하나있으면 줘봐라,1,0
6775,오 멋있다 효자게이는 ㅇㅂ야 질투심에 불탄 게이들말은 무시해라 이기야,1,0
6786,군위 이런데 가면 아직도 김무성 밀어주는 무식한 농촌새끼들 드글드글하다 ㅋㅋ,1,0
6809,지구를 떠나거라,0,1
6821,주식 시장쪽에서는 해운 물류쪽 일손 존나게 딸린다고 그러던데,1,0
6833,나는 좌파쪽 사람들은 아예 사람취급안함,0,1
6835,베츙이들 키보드 존나게조심해라,1,0
6854,와 뭔디 존나 잘 생겼냐,1,0
6858,워워진정좀하고 이리저리 니맘대로안되서 열불이노이불속에서 애미찌찌나만지면서 푹쉬어라 형은 이제 출근준비해야된다 ㅜㅜ,0,1
6865,천하의 ㄱㅐ년이네,0,1
6875,다용도실 저거 오피셜이냐 존나 심각한데,0,1
6883,내 여친은 저정도면은 한줄기오줌발 뿜어대대,1,0
6887,ㄴㄴ 사형,1,0
6893,채순실 국정능력 ㅆㅅㅌㅊ아프리카토인씹넘사벽문재앙공산당180,1,0
6899,시벌 일본한테는 징용공 삼권 분립이라 법원판결을 존중한다며 리얼돌은 왜 법원판결에 개기는거냐,1,0
6901,ㅋ아메리칸 싸이코냐,1,0
6902,설명벳츙이 ㅇㅂ,0,1
6916,진짜 ㄷㄹㅇ들 천지다,0,1
6920,전라도설라디언이 뽑았으니 책임에 대한 댓가를 치뤄야지 물론 선의의 피해자들은 안타깝지만,1,0
6925,글쓴이처럼 나름 주장하는 근거는 1도 없고 그저 개소리 ㅋㅋㅋㅋㅋㅋㅋㅋㅋ답답하다,0,1
6930,국민한테 투표 해봤나 국민 정서를 지가 짓껄이노 지 정서겠지,0,1
6933,개씹소리 쳐하네우리 나라에 소승불교가 있기나 하고승려 법정이 상좌부 불교소승불교라는 퐥트는승려 혜민은 대승불교가 주류인 국내에서도 존나 세속적인 조개종이 내세우고 이후 내쳐진 얼굴마담임,1,0
6936,쥐명박이 짹찍 박근혜 대통령을 하야시키기 위해 노력한 쥐벼룩아 니도 닭장에 들어가니감회가 깁겠구나 어쩜 돌무생이가 구하여 줄라나,0,1
6952,황산으로 풀샤워혀라 죄인아 인간두 아닌 이무기,0,1
6964,저능아좀 가지고 놀아볼까요블박에 딱 저영상만 있다는 가정하에차주 휠이 아닐수도 있다는 여러가지 상황을 유추해봐못하지 왠줄알아 넌 1차원적인 저능아니깐 그래,0,1
6969,캬 전과2범 채무불이행자 응원하는 꼬라지 보소 여윽시 절라도,0,1
6989,역시 세월충 세월과함께 가버려라,0,1
7028,전 깐밤 20알로 점심을ㅋ 해피런치,1,0
7031,낯짝도 두껍지,0,1
7042,한때 알제리 들어가서 학살까지 했던 놈들인데 그 동안 너무 봐준다 싶었음,0,1
7043,한국은 전부 짝퉁이라고 생각하면 편함제대로된 근본은 노에근성밖에 없음,0,1
7062,조만간 권총운지하냐 노이든 ㅋㅋㅋ,1,0
7063,어휴 틀튜브 ㅁㅈㅎ,1,0
7076,천방지축마골피 전형적인 노비혈통아님,1,0
7093,싹다 구속시켜야함ㅇㅂ,0,1
7099,자칭 진보 ㅋㅋㅋ,1,0
7118,오히려 가짜를 진짜 비주얼로 판다면지 발이 저려서 그렇겓는 못하나,1,0
7144,문화혁명만 봐도 모르냐ㅋㅋ 화려했던 자기네 문화도 싹다 파괴해버리는 미개인들인데 저런거 돔덩이 뽑는거 아무것도아님,0,1
7149,시즌 1은 4화부터 ㅈㄴ재밋어짐 시즌 2는 졷노잼,1,0
7164,한남동 단독주택에서 살고싶다,1,0
7171,저 정도면 정신병이라고 봐야지,1,0
7173,아 나 진짜 눈물날 것 같아,1,0
7176,재앙아 트럼프로 대통령 바뀌면 그때도 축하전화 할거냐 한나라대통령이면 신중하게 처신해야는거아니냐 제발 잘하라고 안할테니 가만히좀 있으면 안되겠냐,0,1
7185,종전 몇 십 년 후 이 여성들은 일본 정부로부터 다양한 수준으로 성공을 거둔 정식 사과와 보상을 요구했다 전체 피해자가 20만명으로 추정되는 가운데 대한민국 정부에 등록된 피해자는 240명이며 2020년 10월 현재 16명의 생존자가 있으며 모두 대한민국에서 거주하고 있다중국과 동남아 위안부는 빼고 우리나라만위안부위키백과 우리 모두의 백과사전kowikipediaorgwiki위안부뒤져보지도않고 남이쓰면 무조건 아니다라고하는 이딴놈은 안봐도 멍청도출신이겟지,0,1
7193,노쨩 투신하는장면이 찍혓어야그거 방송해주면 ㄹㅇ 개꿀 ㅋㅋ,0,1
7194,제목이 존나 웃김 ㅋㅋ,1,0
7197,출처 틀튜브,1,0
7200,허세부리는 한남 걸러라,0,1
7201,겸둥 내일 이마트가서 방어회 데리고 올까요,1,0
7203,세월호추모가 시체팔이랑께ㅋㅋㅋㄱㅋㅋㅋㅋ정태우아내가 시체팔이를왜 뭐하러하노ㅋㅋㅋ,0,1
7205,육상왜하냐 자전거만타도 이기는거,0,1
7215,북한이 우리의 주적ㅋㅋㅋㅋ물론 625전쟁은 우리나라의 아픔이지만 같은 민족이다 평화통일만이 답이다 초등학교 졸업은 너가 못했네,0,1
7270,방송이 다 가짠걸 모르는 사람들이나 악플달지 ㅋㅋ,0,1
7281,죄인아 고만 나라 국민 괴롭히고 내려와라 세금이 니 쌈짓돈야 기ㅢ쉑캬,0,1
7335,나는 김치 반찬통안에서 김치 닦아 처먹는거 존나 싫음,1,0
7339,ㅜㅜ리신 홍작가님이 가시다니,1,0
7356,신해철은 행복할듯자기가 그렇게 존경하던 노무현이랑 같은곳에 있으니까거기서는 무현이랑 같이 잘 놀았으면 좋겠네,0,1
7408,감시는 붙이되 여죄는 묻는건 아니지 형살았으니깐근데 내가족이 저랬음 직장을 뽑아서 아가리에 연결시킴,0,1
7420,영삼이 애비 전남 고흥,0,1
7421,저여자 와꾸 ㅆㅅㅌㅊ인데 여자사진 올리면 문제되노,0,1
7431,퍼온 글이라는데펌글로 가입한지 하루만에 5랩 간 수상한 놈이라고 함,0,1
7433,막짤 꼬챙이로 모가지 찌르고싶네,0,1
7446,배리나였으면 더 일찍 끝났겠지,0,1
7448,성광님도 제일 힘든사람중에 한분일것ㅜ 마음병 들겟다 그냥 이상황이 전부 안타까울뿐,1,0
7457,요시카와 아이미 얼굴은 박미선인데 몸 존나예쁨,0,1
7465,인사이트는 아무것도 아닌걸 갈등조장하는데 1등 이런 쓰레기,0,1
7477,아앙 기무찌 이이,1,0
7483,이건 진짜 미친 나라다,0,1
7489,코로나나 걸려라,0,1
7490,장관조뮤사 뭐냨ㅋㅋㅋㅋㅋㅋ존나웃기네,1,0
7501,httpstermsnavercomentrynhndocId5144873cid61232categoryId61232근거 인터넷에 처널리고 널렸는데 광우병이 무슨 연구조차안된 신종질병이냐니가 인터넷에 광우병 검색해봐 수십페이지나온다 관련논문도 수십개있고스마트폰가지고 일베만 하지말고 검색도하고 사전도찾아보고해라,1,0
7504,다른건모르겠고 바닷가 가까이사는 년들이 잘준다,0,1
7510,불다하면안돼 여기 야동 불다안하는애들나한테 돌던져라,0,1
7521,너네는 최저시급 이하를 받아라오만원 같은 개소리하네,0,1
7540,더 망해야 되는데,0,1
7563,이런것도 대통령이라하여 내 주변사람 내 친구 내 부모가 죽어가니 어찌 이 자의 목을 잘라 까마귀 밥으로 던질 방법이 없을꼬 하하,0,1
7576,햐 집 꼬라지 봐라,0,1
7595,통빨망의 진리,1,0
7598,그네도 연금 슬쩍 건드렸다가 그꼴 났는데 자빠리들이 그걸 모를까 모른척 해도 욕하는 사람 아무도 없는데 뭔일베서 좆되면 현실 아무 일도 없음 ㅋ,1,0
7600,이 녀석 딱 절라도 조선족이네 ㅋㅋㅋ,0,1
7610,저런사람이랑 소통하고싶지않는데 뭔개소리 하는지,0,1
7633,뇌가리 빈 딴다라 샘끼다,0,1
7642,응 아주 개대가리들만 득시글 거리는 구나,1,0
7643,ㅋㅋㅋㅋㅋㅋ 눈찢어지고 엄청 간사하게 생겻을것같다그치만 흥나네 ㅇㅂ,0,1
7647,돈 만주면 들어가는 빡대가리들있는 대학에서 학점이 의미가 있냐실업계에서 전교 1등이랑 인문계 전교 1등이랑 같ㄴㅑ,0,1
7655,ㅈㄴ 설레,1,0
7661,박근혜대통령 발가락 때만도 못한 놈들이공업용 미싱이 어디 있더라,0,1
7664,솔직히 안 예뻐요자기가 예쁘다고 생각하고 계신다면 할말이 없고,0,1
7665,정은경은 존나 성공한거지 차관급에 잘 했든 못했든 우리나라 방역책고 책임자 스팩까지 쌓았으니국제기구 가고싶어도 프리패스 아님 아니면 좌파가 정권 한번 더 잡으면 장관이나 국회의원도 시켜줄수 있지근데 아쉽게도 보건복지부장관은 못할듯 ㅋㅋㅋㅋㅋ조국 박영선 강경화 박능후 등등 생각해보면좌파정부는 의사 출신은 복지부장관 안시킬듯,0,1
7695,그냥 좌파 20년 집권프로젝트의 과정일뿐문재인이 당선되자마자 한얘기가 보수를 불사른다고 했다이후 나온얘기가이해찬의 좌파 20년 집권 이후나온게 박근혜 20년 그리고 지금 이명박 17년국민의힘 김종인 윤석렬 전부 그안의범주에 들어가는 인물들임현재 대한민국에 보수란건 없다 말그대로 문재앙이 다른건 몰라도 이약속은 확실하게 지킨듯,0,1
7700,에휴 ㅉㅉ,0,1
7702,왜들그러세요 자식같은 애들한테 내 새끼가 어디가 그렇게 당한다면 좋으시겠어요부모에 행동은 자식에겐 거울같아서 내가 아니더라도 자식에게 돌아가니 행동들 조심좀 하세요,1,0
7707,ㄹㅇ 넘 해쳐먹음,0,1
7730,진짜 독하년아니면 외국인 왕따 시키기쉽지않은데 보통년아니가봄,0,1
7737,서민 집에 뭔 인테리어 소품이 저리 많어이제 뭐 서민 집에 인테리어소품이라 하면 다쓰고 바닥에 나뒹구는 케챱통이나다 말랐음에도 걷지 않아 퀘퀘한 냄새가 배어버린 빨래감이 너저분히 걸려있는 행거그것도 이제 오래써서 껍데기 떨어진여름이 아님에도 거실 한켠에 쳐박혀있는 먼지층으로 커버가 만들어져있는 선풍기뭐 이쯤되야 아 여기가 서민의 sweet home sweet구나 하지,0,1
7740,이만큼 민폐끼쳐왔으면 잠자코 있을것이지 뭐 잘한거있다고 나대냐,0,1
7745,쌩때도 작작 부려라 ㅡㅡ 봐주는것도 한계가있다,0,1
7752,아 가증스러워,0,1
7758,너도 이런을 요런이라고했으니까 전라도야,0,1
7770,흑인이나 다문화 미국난민들 히스패닉들이 좋아함,0,1
7775,꼴잘알 배운게이 ㅇㅂ,0,1
7778,다행이군통합계획 이전에 쓰레기인걸 알고 철회했으니,0,1
7788,포케트 ㅋㅋㅋㅋㅋ 존나 특이한 단어구사네 나이좀있냐,0,1
7813,ㅠㅠ제발 고정 엠씨 해조잉,1,0
7817,이게 보지 종특이라고 2500년전에 공자가 말했다 한마디로 보지같은 민족이란 소리임 실제로 남성 호르몬 좀 부족해보이지 않냐,0,1
7827,디테일 깨알같은거 보소ㅋㅋㅋㅋㅋ김용호는 뭔 기관총 같은거 들고있고한녀는 저거 장난감총이냐 존나 약하게 생겼노,1,0
7833,그니까 맞자위가 같이 보면서 자위하는거,0,1
7838,멋진형님이네 ㅋ와꾸는 어떠냐모쏠 후다겠지 사실은,1,0
7842,깜둥이샛기 메조키스트노 지 옷으로 셀프수갑을하고 쳐맞네,0,1
7855,조선은 노근본이 근본,0,1
7873,기안 존나 반골성향 강하노ㅋㅋ다른 작가들은 욕 좀 먹는다싶으면 바로 머리 숙이고 굽신거리며 사과하고 웹툰 수정하더만기안같은 곤조통 있는 애들 특징이 남이 하지말라고 지적질하면 반발심에 일부러 더 하더라,1,0
7892,그딴 미개한 풍습 없앤게 이정도인거야,1,0
7895,누가 로리야동을 조선 검색엔진으로 찾냐,0,1
7906,친정 어머님보다 더 어머님같으시던데 너무 좋으신 이모님 제가 다 안아주고싶을정도로 잘해주시네요 집안일 육아일 모두 이모님께 너무 맞기진 말고 바쁘지 않을때 집안일 육아에 신경 더 마니 쓰셔야할것 같아요 진화씨도 스스로 자신의 일과 육아에 동참 하셔서 이모님 도와드리고이모님 잘 도와드리면 이모님 혜정이에게 더욱 더 잘하고 잘 돌봐주실꺼예요 본인들 부부일과 집안일은 서로서로 해가면서 이모님 모셨으면 합니다 늘 함소원씨 응원하는 사람으로 도움이 되셨으면 합니다,0,1
7928,취향저격그녀 바른연애길잡이,1,0
7938,더헬 돼지ㅋㅋ편집자도 짤랏더라적자나서,0,1
7948,게이 논리 이상하노일본 제조업을 구한 천조국 박사JPGhttpswwwilbecomview11297818140,0,1
7953,히히 오줌발사,1,0
7954,치즈는 냄새 안 나나 ㅋ 개썩은 냄새는 개찐도찐이지,1,0
7958,하루종일 냄새남,1,0
7960,링컨 머통령처럼 쓰레기 언론은 혁파해야,0,1
7984,설레발질 좀 작작하고차분하게 좆바이든 좆될 때까지 기다렸다가잔치국수 퍼먹자 뇌썩은송장새끼들아 쫌httpswwwilbecomview11301718187,1,0
8003,제발 다 들통나라ㅋㅋ,1,0
8004,공화당 상원의원들의 당당한 말들을 들으니국민의짐인지 국민의변인지에서 거들먹 거리는 것들이 왜 알랑거리면 방울만 딸랑거리는더러운 바퀴벌레로보이노쯥나만 그렇노ㅋ,1,0
8010,익명 폭동이야,0,1
8014,추미애도 잘못한거고 점마도 잘못한거지 ㅋㅋㅋㅋㅋ 또 이분법적 사고로 살지 ㅂㅅ,0,1
8023,일본배우중에 똑닮은놈있던데,0,1
8047,진화 가족은 대체 뭐하는거냐 애미애비가 제정신이 아니네 ㄹㅇ저렇게 계속 참고 말도 착하게 하는거 보면 애 잘 교육시켜놨는데저렇게 가스라이팅 당하면,0,1
8114,조센 진이 조센했네,0,1
8115,댓글 오래된순으로 보기로 바꾸고 이사람 결구 자살시도 했옹 ㅎㅎ근데 그와중에 장례식 어쩌구 하면서 계좌번호 올림에효ㅉㅉ,0,1
8116,손정웅씨 존나 대단하긴함ㅋㅋㅋ 아들이랑 같이 체력훈련하고,1,0
8119,7시 ㅂㄷㅂㄷ 캬전라도 것들은 잼나 ㅋㅋㅋ,1,0
8128,좌빨은 나라를 자기 것인양 주인행세하는 조폭으로 소통하면 먹이감인 노예될 뿐이다무조건 소통금지해야 나라와 국민을 지킨다,1,0
8138,바이든되면 중국이 미국 따라잡고 중국속국되겄다 시발 문통처럼 바지사장으로 놀아나겄네,0,1
8140,익명 닉뭔데 시청자존나많네,1,0
8143,마스크 벗어라 샹놈아,1,0
8149,응 일본 최초의 건축회사 백제인ㅋㅋㅋ,0,1
8172,이근이고 가세연이고 누가 맞는 말이냐 아가리로 터는거 말고 서류를 믿으면된다,0,1
8205,깜짝이야 ㅅㅂ ㅋㅋㅋㅋㅋㅋㅋㅋㅋㅋㅋㅋㅋㅋㅋㅋㅋ,1,0
8209,518사기 리한열 박종철미화Imf매국짝퉁 pc충386년들이 생각하는게남성성을 아예 제거해서평화를 만들수 있다고 생각하는거 같음지들본점 김씨일가나 중국공산당러시아 형님들 지켜주려는거겠지,0,1
8212,레이디스 코드가 왜 나오노 이기야 ㅠㅠ ㅁㅈㅎ나 먹어라레이디스 코드가 왜 나오노 이기야 ㅠㅠ ㅁㅈㅎ나 먹어라레이디스 코드가 왜 나오노 이기야 ㅠㅠ ㅁㅈㅎ나 먹어라레이디스 코드가 왜 나오노 이기야 ㅠㅠ ㅁㅈㅎ나 먹어라레이디스 코드가 왜 나오노 이기야 ㅠㅠ ㅁㅈㅎ나 먹어라레이디스 코드가 왜 나오노 이기야 ㅠㅠ ㅁㅈㅎ나 먹어라레이디스 코드가 왜 나오노 이기야 ㅠㅠ ㅁㅈㅎ나 먹어라레이디스 코드가 왜 나오노 이기야 ㅠㅠ ㅁㅈㅎ나 먹어라레이디스 코드가 왜 나오노 이기야 ㅠㅠ ㅁㅈㅎ나 먹어라레이디스 코드가 왜 나오노 이기야 ㅠㅠ ㅁㅈㅎ나 먹어라,0,1
8232,라스 리즈시절에 패널이 윤종신한테 어떤색 좋아하냐니까 신정환이 옆에서 회색을 좋아한다고 악센트 넣어서 드립친적있는데 존내 웃겼다,0,1
8242,고딩때 피터팬컴플렉스 노래 자주들었었는데유투브에서 다시듣고싶었는데 없더라뷰티플맨 존나좋아,1,0
8281,때려죽일 기세에서 극진하게ㅋㅋ,1,0
8323,중도우파라는게 있다고 생각함그런거 없음그리고 중도우파라는 미통당 내에서도 부정선거 쪽에 있는 놈은 한마리도 없음탄핵 찬성한 놈들이 부정선거의 한축임,0,1
8331,안마열사가 괜히 나온게 아님,0,1
8334,정년보장만해도 ㅆㅅㅌㅊ 아니냐 대기업공기업 소수 자영업자들빼면 바깥에서 직장다니는건 지옥임,0,1
8351,노예는 맞아야 지 주제를 알지,0,1
8367,따닥따닥 그리고 트럼프 새끼 맨날 입으로 털지 북한 무기 봐봐 나날이 발전하는거 ICBM도 그렇고 허구언날 트윗으로 만 떠들지 시발년,1,0
8373,귀여어 죽게따 으아,1,0
8377,어 아직 안 죽었냐,1,0
8388,무현이 덕을 봤지만죽은놈은 말이없다,0,1
8392,지 눈에만 이쁜 새끼남 눈에 이쁘랴허나 난 말해주마이쁜 자식 잘 낳았다,0,1
8453,ㅋㅋㅋ이근하고 뭔상관이야 이 용호상박놈아 ㅁㅈㅎ,0,1
8459,와 요괴,1,0
8471,K민족의 실체,1,0
8472,조센진들은 포기해야한다니까 ㅋㅋㅋ난 이제 슬슬 이나라가 좌파때문에 망하는게 아니라조까튼 국민성때문에 망하는 것임을 알았다레알 구한말 친일파 원간섭기 입성책동도 이제는 이해가 된다이정도 국민이면 지도자 잘만나서 호의호식하는것도 사치지 ㅋㅋ빨리 쳐망해라,0,1
8478,김선호 여기 왜 껴있어ㅡㅡ,0,1
8547,왜 또 누가 못한대,1,0
8551,저거 봤는데 나눠먹지도 않고 쳐먹다가 남는거 그냥 버림,0,1
8570,여기짱개가 와이리 많노,0,1
8581,정신병있는게 분명해 단체로 진심극혐민족,1,0
8603,솔직히 박근혜가 정치적으로 존나 뻘짓하고 아쉬운건 맞지만헌법상 국정농단이라는 죄목은 존재하지 않음증거란것도 JTBC 손석희가 제시한 출처도 불명확한 태블릿 PC하나로 이지경 까지 온거고확실한건 박근혜가 지은죄가 조국손혜원추미애문준영이재명이 지은 죄보다는 1천배는 가볍다는거,0,1
8605,게이야 노무노무 이쁘서 먹고싶은데 응딩이 대줄수있노,0,1
8612,공무원새끼들 다루는 법은 무조건 윗대가리에서 눌러야함,1,0
8614,대충 쓰고 물 새면 관리실에 전화하면 되는데,1,0
8616,이래서 검찰개혁경찰개혁사법개혁 법사위개혁 가야하는 이유가 다 있다그냥 나몰라라 입맛수사 하다가 법이 개쓰레기가 되니 당한놈이 잘못임,0,1
8618,이건 그냥 똥 이라는데,1,0
8634,생수통 몇개 옮기는게 업무냐,1,0
8674,눈빛과 관상이 뭔가 광적이게 생긴게전라도 운동권 느낌,0,1
8686,떽분탕 홍오쉐에리,0,1
8697,우한 폐렴을 우한폐렴으로 못부르고 북한의 미사일을 미사일이라고 못부르는 나라 ㅋㅋㅋ 코로나바이러스 발사체 ㅋㅋㅋㅋㅋㅋㅋ 메르스땐 청와대가 컨트롤타워 우한폐렴땐 질본이 컨트롤타워 문재인이 아가리 그만털어라 마스크 가격 12배인상 ㅋㅋ 중국에 200만개 지원 ㅋㅋㅋ 걱정하지 말라고ㅋㅋㅋ 정신나갔나 해외에서도 우한폐렴때매 나라가 뒤집혔는데 이 정신나간새끼는 걱정하지말라면서 마스크쓰고 있네 청와대까지 우한폐렴이 전달되길 빈다 문정은 문진핑,0,1
8703,새차로 사야지 시발 또 몇년타다 정비소 처박을걸 사네 라고 생각했는데21년식이었네 그래도 기아홍어 ㅁㅈㅎ,1,0
8705,설라도가 아니니 설라도 어용방송에 열받았나 보노,0,1
8717,지금 공무원 연금 십창난지 오래됐는데 더 십창나겠누 ㅋㅋㅋㅋ,0,1
8719,옛날 도이치제국마냥 갈갈이 찢어 놔야함,0,1
8727,노예 근성은 징집당하는 입꾹닫는 한남 아니었냐저건 폭동 근성,0,1
8790,지가 순교자라는거임 ㅋㅋㅋ 와 ㅅㅂ 뻔뻔스러움에 정말 말이 안나온다ㅋㅋㅋㅋ 인간이 저래도 되는거임 ㅋ,1,0
8799,여기서 스폰서라는것은 뭐냐 한번씩 대준다는것냐,0,1
8805,그냥 좌파하면 안되냐,0,1
8816,듣던대로 토쏠리네,0,1
8871,1 나 초4때 나보다 키큰여자애랑 말싸움하다가발로 촛대까고 ㅈㄴ팼는데아직도 가끔 챙피하다시발ㅋㅋ,1,0
8895,아 존나 ㄱ또 거고 싶가,1,0
8908,ㅋㅋㅋ 우아는 니미 돈이 우아한거지,0,1
8924,응 코로나 핑계대고 주사파 죄빨들 정권재창출 성공 ㅅㄱ,0,1
8929,아프리카 남미에 돈 존나뿌려서 그 국가 독재자들 친중존나함 파키스탄도 친중이고 북한이나 쿠바 캄보지아 같은데는 말할것도 없고 ㅋ,1,0
8930,일게이들 전라도라면 그 누구여도 깠었는데 좆될거같아서 조심하는건지 맹목적인 지역감정이 없어진건지,1,0
8933,강남원룸사는 좆거지년들 많이따먹엇는데 ㅋ ㅡㅋ,1,0
8946,는 농담이고 잘키워라 자식도 게이를 자랑스러워 할거다ㅎㅎ,0,1
8952,내가 배필 주병과가 공병이고 장비유저라 수리도구 붙들고 산다,1,0
8954,진짜 미친거 아냐엄마란 사람도 진짜 답없다 애기를 무슨 저얼굴로 만들어놔,0,1
8963,죽어라 땡볕에서 농사지어도 일당 만원벌이가 안되는게 우리농촌 입니다 쌀값좀 오르려하면 동결시키고 고추값좀 오르려하면 중국산 수입하고 농자 천하지거지 입니다 이런 일회성행사로 현혹하지 마시지요,0,1
8968,박원순도 자살 안 했으면 나중에 전자발찌 차고 또 슬슬 기어나왔겠지 ㅋㅋㅋ,0,1
9001,카페 직원분들 드러누웁시다 이제 저 인간 뼛속까지 뜯어내던지 깜빵보내야됩니다,1,0
9004,한국의 민좆당도 부정선거 했는데 좀 탄력 받아 밝혀 져야함이거 안밝혀 지면 다음 대선도 무조건 조작해서민좆당이 원하는 새끼 대통령 만드는것임,1,0
9008,경찰권 독립이 시급하당께 깨갱깽깽깽 월월,1,0
9028,자살이면 혼자 죽지 왜 엄마랑 같이 죽었냐,0,1
9039,조선인들 특 광개토대왕 정복자라고 엄청나게 빨아댐 ㅋㅋㅋ 당시 공격당했던 부족들에겐 천하의 악마인 인물임이런걸 볼때 조선인들 마음속엔 자기들도 다른 나라를 정복하고 승리하는 역사를 원하는데 현실은 무능하고 미개한 능력으로 항상 쳐 맞기만 역사들 뿐임국사책에서 하도 존경할게 없다보니 조작해서 피해자가 불쌍한 존재고 공격한 상대가 무조건 악이라는 식으로 가르침결론이 뭐냐 과거를 과거 그대로 받아들이지 않고 자기 보고싶은것만 보다보니 발전할 수 가 없고 자기 합리화만 하는 인간들만 양성함,0,1
9045,의외로 무개념김치들 엄청 많다나라가 발전 못하는 이유가 있다자식교육도 제대로 되겠냐,0,1
9049,니가 김용호냐 새캬 ㅋㅋㅋㅋㅋㅋㅋ,1,0
9054,곧 춘장싸개들이 몰려올 게시물입니다,0,1
9055,장난하나문재인 염병,1,0
9056,ㅈㄹㅇ ㅎㅅㅇ,1,0
9065,httpipikoreacomxehistory1358나가뒤져 국뽕앜ㅋㅋㅋㅋㅋㅋㅋㅋㅋㅋㅋㅋㅋㅋㅋㅋㅋㅋㅋㅋ,0,1
9067,아내의맛에 안나오면 안되요 잘보다가 그쪽들 나오면 채널 돌려요,0,1
9081,문재인 정말 나쁜놈이다 정말 나쁜놈 당신 정말 천벌 받는다,1,0
9142,포스코도 철강쪽에만 손대지 국내해외 부동산에 손대서 피해 많이봤음내가 아는 친구 회사가 우루과이에 지사가 있는데 말해준게 포스코가 ㅂㅅ같이 우루과이 땅 투자를 엄청했는데 알고보니깐 우루과이 자연보호로 등록된 땅이라 사기당해서 팔지도 못하고 엄청 피해만 봤다더라국내에서도 부동산 문제로 말많음,0,1
9144,거 지금 쟤보고 우파라고 했나,0,1
9145,해마다 걷히는세금 똑같다 늘겠냐 수입과지출인데 걷히는금액 공표하고 어디다쓴느지 표기하고연금얼마다 공표하고 전산화해서 매일매일단위로 공개하면 문제가생기겠냐뒷돈챙기려고 지룰하니가 공개안하고 지저분한거지수입은일정한데 지출이과다하면 매꿀방법을찾아야하고수입은일정한데 돈쓸곳이 줄었다 발전이 어느정도진행되어그러면 발생한 수입을 복지에쓰면된다문제는 수입은일정한데 지출이 개븅신이야 매꿀방법을찾아야해 매꿀방법이뭐냐 수입을늘려야지 세금을 더걷어 다른곳에서 삥당처서 기업좀조지고문제가 이런다고 매꿔지겠냐 상대방이 븅신이여 수천년간 지속대왔어 팩트로 가라 누가얼마냈다 그런건아녀도 얼마걷히는지 공표하고얼마쓰는지나오면 문제가뭐냐 공기업도 리스트 쫙뽑아서 나오지 사기업이랑 공기업이 틀린게뭔데 ㅋㅋㅋ,1,0
9162,카톡방 조리돌림은 선넘엇네ㅅㅂ ㅋㅋ,0,1
9163,그건 31폭동 때 조선인이 먼저 공격했기 때문임제암리 학살도 조선인들이 일본인 군경 1명을 폭행해서 죽였기 때문에 빡친 일본군경이 보복으로 학살한 것임학살 자체는 잘못된게 맞지만가만히 있는 무고한 조선인들을 일본인들이 먼저 나서서 학살한 적은 없다,0,1
9171,고소미 대비 쥐구멍 파놨노 ㅋㅋㅋㅋㅋ,1,0
9172,게이야내댓글 어디에 위안부할매미들 주장을 긍정했니ㅋㅋㅋㅋㅋㅋㅋㅋ심지어 일본주장을 부정하는부분도 없어요ㅋㅋㅋㅋㅋㅋㅋㅋㅋㅋ일게이들을깜분탕 겨우이게 니 논리고니 지능의 수준이야ㅋㅋㅋㅋㅋㅋㅋㅋㅋㅋㅋㅋㅋㅋㅋ,0,1
9183,홍콩독립지지한다고 해봐,0,1
9189,이진욱 말도 다 믿으면 안되는게 질싸해 달라고 해서 섹스를 그만뒀다고 체외 사정하면 되지 막 쌀려고 하는데 그만둘 수 있는 남자가 세상에 어딨냐,0,1
9216,뭘혁신할껀데갱생 혁신 발전 성장 애매모호한 말들만 늘어놓고 통계청지표는 바닥이고 ㅉㅉ,1,0
9252,동급생 못따먹은게 평생의 한ㅇ 그때 아니면 먹어볼 기회도 없다,1,0
9295,국내 미래가 어둡다 이기1 첨단 하이테크 기술들은 미 일 독 영 등한테 개발리고2 그외 제품들은 중국산에 개발리고3 그나마 인정받는 삼성은 전라도가 끌어낼려고 하고4 개나소나 공무원 입시에5 가게 부채는 오지게 많고6 개나소나 집사려고 빚내고ㅅㅂ 문제점이 장난아니네 이거 ㄷㄷㄷ,1,0
9296,일웹 뒤져봐라 내가 나중에 함 살펴볽게,1,0
9311,넌 정신이 글렀다,0,1
9326,좌파였었는데 귀순하더니 강해졌노 ㅋ,0,1
9334,한국 부정선거 다시 재조사해서 뒤집어까야된다관련자새끼들 싹다 죄값 치뤄야됨,1,0
9348,응원을 못해줄망정 서로 까기 바쁜 이세상ㅋ,1,0
9349,ㅇㅂㅇㅂ ㅋㅋㅋㅋㅋㅋ 게이얔ㅋㅋㅋㅋㅋㅋㅋㅋㅋㅋㅋㅋㅋㅋㅋㅋㅋㅋㅋㅋㅋㅋㅋㅋㅋㅋㅋㅋㅋㅋㅋ 약먹었놐ㅋㅋㅋㅋㅋㅋㅋㅋㅋㅋㅋㅋㅋㅋㅋㅋㅋㅋㅋㅋㅋㅋㅋㅋㅋㅋㅋㅋㅋㅋㅋㅋㅋㅋㅋㅋㅋㅋㅋㅋㅋㅋ녹슬었닠ㅋㅋㅋㅋㅋㅋㅋㅋㅋㅋㅋㅋㅋㅋㅋㅋㅋㅋㅋㅋㅋㅋ닉네임이멋지넼ㅋㅋㅋㅋㅋㅋㅋㅋㅋㅋㅋㅋㅋㅋㅋㅋㅋㅋㅋㅋㅋㅋㅋㅋㅋㅋㅋㅋㅋㅋㅋㅋㅋ넥타이가이쁘닼ㅋㅋㅋㅋㅋㅋㅋㅋㅋㅋㅋㅋㅋㅋㅋㅋㅋㅋㅋㅋㅋㅋㅋㅋㅋㅋㅋㅋㅋㅋㅋㅋㅋㅋㅋㅋㅋㅋㅋㅋ닥그네 ㅇㅂ,0,1
9358,미친거 아니노,0,1
9375,아시끄러 아시끄러 아시끄러 아시끄러,0,1
9381,그냥 한발자욱 뒤로 물러서서 지켜보면 정치란게 얼마나 웃기는건지 알수있음 그냥 정치는 권력가진넘들끼리의 슬랩스틱코메디임 이념 그딴거 없다 그것도 그냥 정치란 권력을 향유하기위한 간판에 불과한거임 그래서 이건희가 정치인들을4류 쓰레기취급한거임,0,1
9382,사면할 놈이 벌써 박대통령 4년이나 잡아 두고 있냐,0,1
9384,그건 울나라 좌파언론들의 오역이다행복회로 돌리는거지아마 중공 시진핑도 몰랐거다,0,1
9396,요것 봐바,1,0
9405,유희열하고 이적도 좌파였노,0,1
9408,맞는말이다 이런게이들을 왜 홍어몰이 하는거냐제발 확실한 증거만 믿어라,1,0
9409,전라도 망하면 나라가 산다,0,1
9412,노르웨이에 갔을 때 부페에 삭힌 연어가 있는 걸 본적이 있음유리덮개가 있어서 열고 가져가는 건데 냄새 맡아보면 삭힌 홍어랑 99 같은 냄새남이 밖에도 홍어처럼 삭힌 음식은 여러 나라에 존재함뭐 다 하나같이 미개한 음식이라고 말할 수도 있겠지만솔직히 전라도 홍어만 특별히 괴랄한 음식인 것은 아님,1,0
9414,통레발이라서 바이든이야 송장새끼야,1,0
9416,아니 안놀면 죽냐,0,1
9422,포스텍 졸업하고 두번 다시 포항이라는 곳 근처에도 얼씬도 하기 싫다 너네들이 알고 있는거 광고 때리는 거랑 무지 다르다 내주위 선후배 동기들 나 같은사람 한두명이 아님 존나 비추임 질문받는다,0,1
9443,오리보지 잘못쳣다하면 되겟당,0,1
9457,최국 무적권 빤다이기,0,1
9460,미국 응디 잡고 야 바짓가랑이 붙잡고 야이런식으로 비판하다가갑자기 가사가 딱좋다 이렇게 변하노 ㅋㅋㅋㅋ진짜 가사 개웃기네,0,1
9465,타인에게는 그 누구보다 엄격한 우리의 배충쿤ㅋㅋ아니 검은머리 짐승이니 은혜를 베풀었니 이런 소릴 하는 이유가 동계올림픽 후원했다고 그러는거냐ㅋㅋ진짜 니가 그렇게 생각하고 분노하면 여기서 여포짓 하지말고 김연아한테 dm보내보지 그러냐 삼성이 동계올림픽 후원했는데 왜 이건희 추모안하냐고그리고 김연아가 3류 선수였을때나 변변찮은 훈련 못받았을때 키워주고 이끌어주는 그런게 은혜지 동계올림픽 후원했다고 검은 머리 짐승운운하는건 진심 뭐냐ㅋㅋㅋㅋ그리고 후원한게 삼성만 있는것도 아닌데 SK 기아자동차 같은 기업들 경조사 있을때마다 글써줘야하냐 억까짓좀 고만해라 진짜,0,1
9466,아오 콱 그냥,0,1
9496,단원고 유가족님들이 다음에 낼 책 제목화무십일홍 어떤가요,0,1
9499,익명 지가 무엇을 듣고 어떻게 평가하는 자유지 그런데 대중음악은 말그대로 대중들의 사랑을 받기때문에 검증되었고 듣기에 부담없는음악이니 좋다는거지 즉 취향에 관계없이 듣기에 부담없는게 대중음악아니겠 우리의 노짱 음악처럼 말이다 이기야,1,0
9518,너 공부 못했지 ㅋㅋ 사전에 부정선거를 검거한다정정 당당히 투표에서 이길수도 질수도 즉 재선 성공할 수도 실패할 수도 있다 그렇다면 사후에 부정선거를 터트린다정정 당당히 투표하는 결과와 상관없이 재선 후자가 훨씬 유리한데,0,1
9530,평화로운 함진하우스ㅋ,1,0
9544,나더 순대굳빱먹으러가서 컵라면들고 서민코스프레함해봐야지,1,0
9550,소방게이는 ㄷㅇㅂ,0,1
9583,ㅇㅇ 이병철 정주영 이런 재벌1세들은 진짜 말그대로 무에서 유를 창조한 사람들이라 존나 개간지나는거 같다그 사람들이 어떻게 경영했고 그게 도덕적인 방법이고 아니고를 차치하더라도 남들과 독같은 일반인에서 대한민국에 제일가는 기업으로 키웠다는게 존나 멋있음재벌2세나 3세들은 솔까 아랫사람들만 존나 닥달하면 되는거고 진짜는 창업주들이지,0,1
9584,ㅇㅇ 프라이빗적으로 정직하고 매너있고 배려심있음사상적으로는 좌파인건 뭐 답이 없네그시대 출신들 많이 그런듯,0,1
9592,진짜 어떻게 문재인이 뽑은 애들은 단 한 명의 예외도 없이 전부 다 저런 인간들이야 ㅋㅋㅋ,0,1
9613,거실 소파 가죽 재질이면 개꿀잼,1,0
9622,저사진을 오원춘이 올린거라고,0,1
9635,네 다음 27억 어쩌고 10억이하 어쩌고 재산세 어쩌고 공시가 아닌 공시지가 어쩌고 지혼자 풀발기 됐지만 상대 인증 원하면 자기 패부터 까는걸 모르는 구축빌라 아니면 반지층 원룸 거주 e300님,0,1
9647,넌 일베에서 허구언날 털리면서왜 개차반 찌질이처럼 일베에 붙어있노,0,1
9648,와 진짜 ㅈㄴ 잘한다 미쳤다,1,0
9664,재워주고 맥여주는것 만으로도 감사해 해야지 뭐 사회 나가서 범죄밖에 더 저질러 협박하냐 이래서 죄인이라는거야 밖에 실업자들이 얼마나 많은데 염병하는소리 하고 자빠졌다,1,0
9683,운지절에 골프는 안되지,0,1
9687,애초에 수험생이 일베따위나 쳐하고있는데 정상적인 대학을 가겠냐 서울대 갈새끼들은 지들 일베하면서 히히덕 거릴때 영어단어 한개를 더외우고 있을텐데,1,0
9746,모지리말도 들을 가치는 있어요 너도 모지리쟎아요 말이란 아 다르고 어 다르다고 했어요 할머니말씀 약이다보람 있는 하루 만들어요,0,1
9810,애플 쓰는 저능아들 수준에 맞는 말장난,0,1
9838,슈퍼스타 일게이TOP3 안에 들겠다,0,1
9844,여기 뿐만이 아님다른 커뮤도점점 짱개들 잠식하는중개드립은 짱개 라는 말을혐오표현 이라고 금지 시키는중ㅋㅋ,0,1
9849,두더지움 18 ㅋㅋㅋㅋㅋㅋㅋㅋㅋㅋ기안저런 소소한 깨알유우머가 재밌음,0,1
9874,염병하네 ㅋㅋ 세상에 법만 있는게 아니라는건 문재인을 보면 알 수가 있지한국같이 힘없고 다 망가진 야당을 상대로 한게 아니고 살아있는 권력 트럼프랑 여당인 공화당을 상대로 한거야이걸 그냥 넘겨 왜 본보기를 보여줘야지 사기를 치면 어떻게 되는지 ㅉㅉ 저 사람들이 너 같이 물렀으면 정치 못했지,0,1
9886,추방 가능성같은 사실 확인이 안된 것은 입에 올리지 마라그를 빌미로 본말을 전도하는 것이 바로 좌파들 특성이다좌파에 토론할때는 절대 시작한 본론에서 벗어나려는 것에 넘어가지 말고범위내에서 팩트로만 조져야 결국 욕아나 싸지르며 물러난다,0,1
9890,꿈인지 현실인지 노무현인지 고무현인지,0,1
9910,반도 인구는많고 땅이 너무좁다이기,0,1
9938,이럴 정신있음 애나 더 돌보지 ㅁㅈㅎ,0,1
9953,초반에 실컷 욕하던 놈들이 이제와서 착한행세야ㅋㅋㅋㅋ,1,0
9961,아무도 상대 안해주는 시점에서 눈치 까 늙은년아,1,0
9965,너는 한녀가 니한테 아무 증거도 없이 일관된 진술만으로 감옥 보내도 ㅇㅋ라고 함,1,0
9975,아니 남자새끼가 팼는데 왜 계속 엄마만 찾냐 댓글은 ㅋㅋㅋㅋㅋ,1,0
9981,대가리가 더깨져야함,1,0
9988,걍 쥐박이 자체가 존나게 얍삽하고 기회주의자임 좌빨한테 부역해서 탄핵가담하고 자기는 대대손손 잘살줄알았으나 뒤통수 ㅋㅋㅋㅋㅋㅋㅋㅋ,1,0
9993,ㅋㅋㅋㅋㅋㅋㅋㅋㅋㅋㅋ 총선전엔 존나 뿌리더만 이젠 거두노 ㅋㅋㅋㅋㅋㅋㅋㅋ 역시 뿌린대로 거두는게 이치제잉ㅋㅋㅋㅋ,1,0
10003,쳐 발린것가지고 ㅋㅋㅋ 부끄러운 역사는 잊어버려 걍,0,1
10018,물 부족한거 맞음 처먹고 씻는물만 풍부하지 농업 공업 축산용수는 부족함,0,1
10019,상대를 잘못 고른거지 bts 자덜은 미국을 상대로 영업해서 지금 수익을 올리는데 재네들이 한미동맹을 언급한건 미국을 언급한건데 자기들이 미국을 건드린건지를 모르고 깝치다 시껍해서 짱개 공산당이 다 지운거임,0,1
10022,봐이쓰쁘레지던텁 어매리카쓰때이ㅌ 는 뭔소리냐,1,0
10028,너 누가 북괴욕 쓰래,1,0
10030,어우 씹ㅋㅋ,0,1
10045,거인은 생식기가 없고 모두 남성형 신체를 갖고있다는 설정이라 7대 거인 중 하나인 여성형거인을 제하면 전부 남성형인데도 불구하고 검열때리네사스가 유사국가 수준,1,0
10053,이나영 미친 존나 좋아 미친거 아니냐고 ㅠㅠㅠㅠㅠㅠㅠㅠㅠㅠㅠ,1,0
10054,성소가 그 젖통 오졌던 걔 맞지,0,1
10061,씨발 무슨 바이든 선거캠프 알바가 무슨 아무 관련도 없는 싸우스 코리아에서 설치겠노ㅋㅋㅋㅋㅋㅋㅋ,1,0
10074,요새 걱정많은 다은이랑 샌드위치싸들고 노을보러 가야하남,1,0
10077,물위에 애플스토어 거기다가,1,0
10084,이런걸 페북에 올려 빙신들아,1,0
10096,공정 지나가는똥개가다웃는다,1,0
10102,정신과 의사들이 제일 답 없어 하는 부류임편집증 망상장애치료 자체가 불가능ㅋㅋㅋㅋㅋㅋㅋㅋㅋㅋ,0,1
10112,야 최국 쟤 남희석 빠는 애야 ㅋㅋㅋ 우파 코인으로 사이버품바질 하는 놈을 빠네 ㅋㅋㅋㅋㅋㅋㅋ,1,0
10131,이게 황제라면이지 ㅋㅋㅋㅋㅋㅋㅋㅋㅋ세월호 라면이 황제라면이냐 ㅋㅋㅋㅋ,0,1
10172,저기요 수급자들 이미 지역화폐 받았는데 왜 또 줘요 이동네 수급자 천진데 반이상이 가짠데 진짜 인생 날로들 먹더라 공식 비공식 코로나 지원금에 지역화폨ㅋㅋㅋㅋ 여기에 정부꺼 지자체꺼 이중삼중 지원을 하시겠닼ㅋㅋㅋㅋ 백번 양보해도 중복지원은 하지말라구ㅡㅡ 당신들 지갑이 아니라고 왜 남에돈으로 니네가 생색을내 너넨 다 도둑이야 도둑 재벌만 까지마 이대로 가면 다 망한다,0,1
10176,딸랑딸랑 정권바뀌면 모가지 아 그땐다른데 딸랑딸람,0,1
10179,서든 신스킨인가,1,0
10185,면빨은 진라면국물은 신라면같은 값이면 신라면,1,0
10194,httpsmilbecomview11300212628미제 노숙자들도 삼시세끼는 잘챙겨먹을텐데모범보이려고 음식쓰레기나 아가리에 쳐넣고 먹는 불쌍한 시진핑과 당간부들ㅋㅋㅋㅋ,0,1
10196,신라면 개느끼해지고 개 맛없어짐 90년대 신라면이 그립다,0,1
10224,내가 전라도 어떤 지역인지 몰랐거든지역감정 이런건 모르고 살았다이번 민주당을 보면서 사람들이 왜전라도 욕하는 지 이해가더라,0,1
10226,준기야 어디야 왜 자살해 끝까지 함께해야지,1,0
10233,저거이 보니까 막판에 쪽바리들이 박통이랑 남조선 무자게 까던데,0,1
10234,좌파는 예로부터 강한힘으로 조져야된다약하게 나오면 통수친다,0,1
10279,ㅁㅊㄴ 제대로 알고나 말해라,0,1
10283,미국인이였으면 이쁜애들이랑 수영장있는 집에서 파티하면서 와인땡기며 선거 즐기고 있을텐테 ㅅㅂ 이게 뭐냐 미국상황 알지도못하고,1,0
10304,게이멋지네 수염존나간지나게나네 한국애중에 일케나는애들은남성호르몬많아서 상남자같이생기고 산적형 와꾸던데그른산적형애들보면 일단 아우라자체가 있더라 함부로 대하지못하겠는머리털만 좀 나면 바버샵다니면서 살믄 다욧전후 둘다 느낌 ㅆㅅㅌㅊ일텐데 머리털이좀아쉽네,0,1
10318,ㅋㅋㅋㅋㅋㅋㅋㅋㅋㅋㅋㅋㅋㅋㅋㅋㅋㅋㅋㅋㅋㅋㅋㅋㅋㅋㅋㅋㅋㅋㅋㅋ 그게 되겠냐 존나 웃기네ㅋㅋㅋㅋㅋㅋㅋㅋㅋㅋㅋㅋㅋㅋㅋㅋㅋㅋㅋㅋㅋㅋㅋㅋㅋㅋㅋㅋㅋㅋㅋㅋㅋㅋㅋㅋㅋㅋㅋㅋㅋㅋㅋㅋㅋ,1,0
10343,공무원들 진짜 떠넘기는거 존나 심해특히 경찰뭐하면 이건 민사네 이건 관할아니라하고어디가면 이건 저기다 저기가면 이건 여기다,1,0
10346,이재용같은 선한 사람이 어떻게 사악한 마귀 팀쿡을 이길수 있을까 ㅠ,0,1
10358,여자들이좋아하는 성평등,0,1
10366,나중에 못주겟다고 하니깐 노숙자가 깔빵 놓고 뒤지는걸로 해피엔딩 햇으면 좋겟노ㅋ,0,1
10373,말 같은 소리해라,0,1
10400,쓰레기좀 치우자,1,0
10405,저새끼 전향한거 아님북한 노동당 빨다가 짱개로 붙은거임,1,0
10419,지우지마 이기,0,1
10421,사기의 민족 사기꾼 단체,0,1
10440,주작이지근고 실제 벙신들이 3 0쯤으 되는거 같더라,0,1
10453,전쟁통에 안 간다 그거 개소리임1938년부터 시행된 조선 육군특별지원병 제도에1943년까지 총 80여만 명의 조선인이 지원하여총 17000여명의 조선인 지원병이 합격했음전쟁통에 안 가려고 했다는건 헛소리임많은 조선인 청년들이 지원병 제도를 통해 출세의 기회를 잡아보려고 한게 역사적 팩트임,0,1
10457,난 에반게리온으로 입덕했다 몰라도라는 경솔한 발언은 미안하게 생각한다 크흡ㅠ 폭도새끼들하고 키배뜨는게 귀찮아서 그만근데 시발 아즈사 왜이리 싫어하냐 ㅁㅈㅎ,1,0
10462,김정은이 기라면 길판인데,0,1
10470,내가 대통령 했어야해는데좌파새기들 다 잡아조지게,0,1
10545,와 딱소리 기계음이놐ㅋ,1,0
10550,설칠수있을때 계속 설쳐놔라,0,1
10551,키큰애들이 구멍이 좀 큰 경우가 있음 확률적으로 키큰여자가 구멍이 큰 경우가 많음 그래도 키큰여자가 시각적으로 만족도가 좋아서 나는 키작녀보다 키큰녀가 떡감 만족도가 좋더라,0,1
10554,형 나죽어 으악,1,0
10557,한국은 일본한테 식민배상만 요구하면되는데 싸우지도 않았는데 전범기 운운하는게 말이 안대,0,1
10558,공공의대비리들통날까봐 조마조마하시겠어요,1,0
10586,벌 달게 받고 갱생돼라,1,0
10640,국민연금공단을 주무르는 전라도 아저씨들처럼 소름돋노ㄷㄷㄷ,0,1
10642,니가한말은 그래서 증거은 증언밖에없다 이건데 ㅋㅋ 판검사가 호구로보임 그딴걸로 형이나오게 이명박 변호사는 정게서 골리서왔냐 그딴걸로 형받게 냅둔다고 ㅋㅋㅋ,0,1
10645,장애인주차장은 중증장애인위주로 내줘야하는거아니냐 거동 전혀 불편함없어보이는 장애인도 존나 많드만 무슨 특권층도아니고,1,0
10651,이기 돌앗나,0,1
10655,니말을 모르는 바는 아님 연좌제 당연히 합리적인 해결법이 아니지 근데 마닷이 이렇게까지 미움털 박힌거는 마닷 본인이 했던 처신 탓이 큼말이란게 아다르고 어다른 법이다 혹여 본인과 관계 없고 잘못이 아니라 하더라도 그 상황에서 그 사람들한테 본인은 관계없으니 꺼지라고 추후에는 고소드립까지 쳤는데 그걸 가만두겠냐 하물며 왜곡된 선민의식과 위선에 찌든 이 대한민국에서 이미 저렇게 선넘은 순간 마닷은 사기꾼 부모의 자식이라는 타이틀보다 하나의 적반하장의 개쓰레기로써 욕먹게되는거,0,1
10659,써글룐 불끄니까 안보이는거 보소,0,1
10676,긴즈버그 이번에 노짱따라간 미국 대법원장 페미 끝판왕,1,0
10685,이래도 병역거부운동 하나못일으킴 ㅋㅋ,1,0
10688,내기골프 문제는 전 혀 차태현잘못 없다고생각하는데 개인적으로 차태현 어깨탈골로 군대면제받은거 좀 많이 이해가 가질않아,0,1
10697,재앙아 더 조져놔라 개한민국에는 니가 딱이다 집값도 더올리고 보유세는 1억씩 물려보자 더 조져라 재앙이 파이팅,0,1
10722,나도 너와 같은 생각자발적으로 간 년억지로 끌려 가신 분속아서 가신 분속아서 가신 분은 속은 놈들에게 피해를 물어야 하니 진실 규명이 필요하고억지로 끌려 가신 분과 자발적으로 간 년들을 구분 해야하니 진실 규명이 필요하지만 지금 뭐가 남아 있을까어차피 승자로 작성되는게 역사인데 너무 감정팔이 할 필요도 너무 일방적으로 몰아가는 것도 옳지 않긴 함결론 지금와선 답이없다,0,1
10724,우리동네도 저련년 있었는데생각보다 많은듯,0,1
10726,주인이 하겠다면 뭐 어쩔건데 존나 씹선비 공산주의 노예마인드일세 ㅋㅋㅋ 펜션주인이 피해자가족 생각해주면 피해자가족이 펜션매입해주냐,1,0
10734,꾹 참고 스크롤 내리는데 이새끼 때문에 터졌다 ㅋㅋㅋㅋㅋ,1,0
10742,진짜 싫다 말투,0,1
10754,방구석 싸움전문가는 여물어,0,1
10757,혜민이는 모르겠는데 동네 땡중들 밤에 가발쓰고 유흥하러 다니눈거 유명함,0,1
10770,고대랑 성대급이다른데 왜 합치노 ㅋㅋㅋ그리고 저때 성대는 지금보다 ㅎㅌㅊ인데이건희가 아니라 빌게이츠가 와서 투자해도 ㅈ까라함 ㅋㅋㅋ550억이아니라 10조를 쑤셔도 어차피 지들끼리 룸빵가고 말텐데,0,1
10775,이런새끼들 북한으로 보내고싶다아니 이미살고있나,1,0
10820,그러게 왜 높은층에 사노 높은층에사면 정말 쓰레기 버리는것도 맨날 일이다,1,0
10821,그런 인간들은 인간성 개조도 힘들다그냥 능지처참만이 답이다,0,1
10826,그냥 봤을때 목두껍고 손두꺼운 사람하고는 싸우면안됨 그럼사람들 특징이 무게중심이 존나 낮고 코어가 개두꺼움,1,0
10829,노망난 좌좀 늙은이 김종인 축출시키고 홍준표 영입해서 당명도 자유의 공화당으로 이름 바꾸고 보수우익 시장경제 자유지향 이념으로 당을 재건해라,0,1
10843,그게 왜 그리 궁금하노 게이야,0,1
10863,박멸폐렴 수수방관으로 인해 국민은죽어요 경찰의 고소장 손괴를 뇌물수수도 300만원 허위의 수사기록도 계속 재탕으로 이어지고 있습니다 부패국가로 불량국가 인간쓰레기네살수가 없어 부패국가로 방치하면 저질국가로 이병재올림 010 4720 6279 수수방관으로 인해 국민은죽어요,0,1
10869,결국 죽었네 이제 만족해,0,1
10880,헐어케했노 ㅆ불려나 ㅇㅂ,0,1
10893,넌참말이 싸가지가 없더라,0,1
10910,마이너쪽으로 가닥을 잡은듯 하더라나야 어릴때 헤비메탈 듣고 자란 세대라 거부감은 덜하지만 촌스럽단 생각은 확실하게 든다기왕 80년대 메탈을 표방한다면 아예 미국본토를 지향하는게 덜 촌시런데 이 밴드는 일본애들 2류급도 안되는 수준이니ㅆㅂ 라우드니스는 나이먹고도 존나 잘하던데,1,0
10911,스엠 꼴 날라고 난리넼ㅋㄱㅋㄱㄱㅋㅋㅋㄱㄱㄱㅋㄱㄱㄱㄱㄱㅋㄱㄱㄱㄱㄱ,1,0
10921,좌파들 생각,0,1
10943,역시 슬기 내 눈이 정확햇음 아이린년은 첨부터 정이 안가는 관상이더니 역쉬나,0,1
10966,조선인은 주제파악 할것,0,1
10971,김무성 저번에 보니까 부정선거 쪽에 있는 것 같은데미통당 대표하는 놈도 김무성 따까리여서 시늉만 쳐내는 것 같고바른미래당 유승민 하태경 이준석 얘네는 완전 철판깔고 부정선거 비호했고부산 사하구에 바른미래당 출신의원 그 양반은 일말의 양심이라도 있는지 좀 사리더라 ㅋㅋ,0,1
10974,존나 오그라든다,1,0
10975,이 년최근 면상도 저렇게 페미단발하나아님 머리 길렀냐페미연들 눈치볼려면 평생 페미단발 저렇게 하고 댕겨야 하냐,0,1
10992,근데 그렇게 따지면 안정적인 직업은 공무원밖에 없음 중소기업도 10년이상 가는곳 드뭄 팩트는 유튜브 대박도 아니고 중박만 터져도 2년안에 좆소 10년치 월급 한방에 버는거 씹가능,1,0
11010,우와 진짜 잘큰 AP티모잼 오,1,0
11022,노 자위든 ㅇㅂ,0,1
11031,얘 노래를 들어보니MC무현이 정말 노래 잘부르는듯한 기분이 든다,0,1
11036,진짜 죽이고싶다 정말로,0,1
11052,미국 백인 남자들은 타고난 피지컬과 유연함까지 갖춰서 존나 쎔거기에 어릴때부터 존나 터프하게 자라도록 교육받아서 투쟁심도 장난 아니더라일반인들 끼리 싸우면 흑인은 백인의 상대가 안됨 흑인은 극단적이기만 할뿐 멘탈이 약하니깐,1,0
11053,근데 피해자 저 여자 x같은게저기서 끝내면 될걸 공중화장실도 무서워 못가겠다이런 꼴페미스런 발언을 했더라거기다 그 성별이 잘하는 짓거리인 공론화 까지하기 위해 mbc에 제보까지 해서저렇게 기사화 된거다100 메갈충 여성시대 이런 커뮤니티 여성유저,1,0
11064,버려진 우편투표 용지 9장 발견7장은 트럼프 지지 httpswwwsedailycomNewsVIew1Z7ZR7ZOAH 우편투표 자체가 존나 허술하다는 증거 ㄷㄷㄷㄷ 심지어 안그래도 허술한데 본투표 몇달전부터 시작했더라 ㅋㅋㅋㅋ 투표용지 제대로 관리가 되겠냐 ㅋㅋㅋㅋㅋ,0,1
11067,ㅋㅋㅋㅋㅋㅋㅋㅋ 니 말 맞다 ㅋㅋㅋㅋㅋㅋㅋㅋ그래서 현직 경찰 소방들은 알지만 쉬쉬함 ㅋ아니 상식적으로 ㅋㅋㅋ 연금을 65세에 받는데 그전에 뒤져불면 조빤다고 그 일 하겠냐 ㅋㅋㅋㅋㅋㅋㅋㅋ그런식으로 통계내면 이나라 인구의 평균수명이 40대언저리일거다 ㅋ,0,1
11071,비판이 아니라 비난 악플 욕짓거리 다는 사람들 니들으 죽인거다,0,1
11105,재앙이가 받은 재난 지원금 60만원 기부하고생색낸거에 대해선 어떻게 생각하냐,0,1
11123,ㅋㅋㅋㅋㅋㅋㅋㅋ ㅅㅂㅋㅋㅋ,1,0
11124,으이구 인간아 그렇다고 꼭 그런 극단적인 선택을해야 모든게 해결 될거 같았냐 잘못을 저질렀으면 인정하고 벌을 받으면 되는거지참 사람 목숨 한낱 종이장 같다 삼가고인의 명복을 빕니다,0,1
11125,첫 번째는 사망 원인이 허혈성 뇌손상이 아니라 장 협착 수술 과정에서 심장을 감싼 심낭의 막이 훼손되어 생긴 천공구멍에 의한 패혈증이라는 것이새끼 개씹 난독증이네 ㅋㅋㅋ 컨트롤f로 장협착만 검색해도 나오는걸 ㅅㅂㅋㅋㅋ 이거하나 못찾는 개눈까리 수준ㅋㅋㅋㅋ일상생활 가능하냐ㅋㅋㅋ,1,0
11126,전에는 월터미베인인가 하는 개듣보 사탕수수농장 깜둥이가 뭐라하더니 이번엔 또 뭐노,1,0
11128,httpswwwgooglecomampswwwchosuncominternationalus20201108FV2YBV4L7ZHVHD2G3CF2HR6W4E3foutputTypeamp좆럼프는 끝났어이미 레임덕상태고조만간 추하게 도망칠텐데 ㅋㅋㅋㅋㅋㅋㅋㅋㅋ,1,0
11139,ㅇㅂ는 별에별놈들이ㅡ다있노,0,1
11140,아지매 두뇌 종범,0,1
11145,라디오헤드충 ㅈㅎ,0,1
11148,추모할 사람 고수민 이광용 김재민 김재진 고영석 김호중 고수민께 고유나가 알려주는 당신 성기습관 김기태가 귀두예술을 보여주니 퍼즕처럼 맞춰봐라 어떤 사람을 보고 연유로 대답하는지 어떻게 근육많이 모여 김기성 김민성 성기가 학교에서 노출되어서 좋냐 아니요 하지마른니야 라고 김기태는 답장하네,0,1
11204,7시 변태들 ㅋㅋㅋ,0,1
11207,홍진영 아버지가 이명박 지지자,0,1
11211,헬스장에서 사건이 일어날것만 같아,1,0
11222,문재앙 배후에는 짱개들이 있다 이엇부터 어떻게즌 이슈화 하고 조져야 됨,0,1
11231,상속거부 하기 전에 많이 빼돌려서 노 걱정,0,1
11251,잘 아네 ㅋㅋ흥분 포인트는 남의것금기금단그리고 장소 막말로 돈 5만 짜리 여관 바리 가서 대놓고 할래5만 짜리 퇴폐시 퇴실 처리 건마 가서 몰래 할래섹스 하는 느낌이 확실히 달라,0,1
11255,저 당시때 존나 쫄아서 밤에 웬만하면 안나갔다cctv가 깔려있는 동네지만서도,1,0
11279,보여주기식 탁상행정예전에 공중전화 부스서 살인 나던꼴 보게 생겼네,1,0
11285,개미로 돌아가자,1,0
11287,센틈이랑 마린 주제도 모르고 물가 ㅈㄴ 비싸지,0,1
11290,민주당이 저런식으로 정권잡고 막상 지들은 중국 공산당원처럼 지가 필요하면 법도 바꾸고 존나 막장으로 행동하잖음ㅎㅎ,0,1
11298,예전 행복전도사 아주매미 생각나는 사건이다 이기,0,1
11301,살스 개꼴 품번,0,1
11317,1 중국의 연호 사용을 중단하고 개국기년으로 변경2 궁내부와 의정부의 분리3 6조 이조 호조 예조 병조 형조 공조 를 8아문 내무 외무 탁지재무 군무 법무 학무 공무 농상무 으로 편성4 과거제 폐지5 봉건적 신분제의 폐지6 노비 백정의 폐지,1,0
11329,그래도 이슬람이 유일하게 공산당과 싸우는 마지막 전사들임한국도 공산화 대비해서 미리미리 이슬람 난민들 들여와야 한다고 본다이미 통일 된 국가라면 몰라도 언제 적화될지 모르고 중국속국 될지 모르는 나라인데패배주의와 노예마인드가 dna에 박힌 조선인들이 막상 최후가 되면 싸울리가 없다이슬람이라도 들여와서 최후의 보루를 만들어야지,0,1
11350,마넌 오처넌,1,0
11354,왕충요프로 구라꾼특기 박쥐대가리 요리 둘러대기 핑계대기세상이 무너져도 못하는것인증영어중공비난제일 싫어하는것 팩폭Trick ass bitch Claims to be an Anerican but cant speak a word of Engilsh Tsung Yeo Wang a Trump hating Biden loving Chinese 2 dollar hoHahahahahahahaahahahahahahahahaHahahahaahanahahHahahaahahahajaHahahahahaha,0,1
11362,저기요우리나라 여자들 90가 몰카를 할 가치가 있다고 씨부린거냐 지금 돌았어,0,1
11363,더 이상 욕먹지 않기 위해 제 댓글 제발 읽어주세요 언니 아내의맛 초반에 인기 많았고 사람들도 재미있어 했던 거 기억하세요 그런데 어느 순간부터 방송은 불화와 자극적인 부분만 내보내고 기자들은 좋다고 바로 기사 쓰니까 언니 이미지 망가지는 게 너무 마음 아파요 언니 아내의맛 초반처럼 제발 행복한 모습만 나오게 해달라고 제작진이랑 이야기해봐요 만약 방송 재미를 위해 자극적인 게 필요하다고 제작진이 그러면 그런 사람은 인연 끊는 게 맞는 거라고 생각해요 언니 항상 행복하세요,0,1
11370,노가다김씨새기가httpswwwilbecomview11263058041subbest,0,1
11395,판사님 그어데 판씹니꺼,1,0
11396,진짜 돌아이같음 문재인 당신 루저,0,1
11407,재앙이랑 판박이둘이 정상회담 하면 치매 정상회담에둘이 회담 끝나서도 뭔 얘기 했는지도 모를 듯,0,1
11415,오히려 일게이들이 질싸는 안 하지않을까,0,1
11435,지르는 락이싫으면 락발라드는 어떻노 딥 퍼플 soldier of fortune 들어봐라 개씹명곡미안하다 락덕후 티내서아 내가 락덕후다,1,0
11443,ㄱㅊ음 여성은 신체적으로나 정신적으로나 열등하니까 그래서 군대도 안가는거 아님ㅔ,0,1
11450,119 꽁짜 아니다사체일 경우 병원도착당시 사망일경우 비용 받는다일부러 돈 받을려고 늦장출동하는지도 몰라동생놈도 십년전 아비 뒤질때 돈 냈다고했었음,0,1
11452,그러게 로건이 특별히 나댄 적도 없고 사회적 물의를 일으킬만한 행동을 한 적도 없음몸캠도 당하는게 좀 바보같긴 하지만 어디까지나 피해자일뿐이잖아근데 뭘 그리 잘못했다고 저런걸 세상에 대놓고 뿌리냐존나 불쌍하네,1,0
11454,무슨 애미없는소리야 이건또,0,1
11471,봐바 지금 너 말투보면 되게 저열한 신격화가 문득문득 보임,0,1
11524,함든일은 하기싫고,1,0
11527,진짜 존나 친한 친구끼리면 그냥 장난으로 넘어가겠는데 만난지 2주됐고 친구도 아닌 회사에서 만난건데 왜그러냐 ㅋㅋ,0,1
11537,눈 각도가 전북 홍어 출신일듯,0,1
11555,6번 그냥 적당히 즐겨라사장이 너네 찐따인 거 간파하고 속으로 놀려먹으려는 게 아니라많이 팔아주면서도 매너 깔끔한 단골이라고 챙겨주는거다어차피 그렇다고 서로 그 이상 친해질 일 없는 거 피차 아니까찰나의 인간 냄새를 즐겨,0,1
11562,경상도 대구 씹거렁뱅이 촌동네 반지하방에서 작성된 글,1,0
11563,하여튼 남자는 보지를 조심해야돼,0,1
11568,나 씹 개예민보슨데 니도 그럴듯,1,0
11570,익명 대한민국 방방곡곡에서 일어나는 사건사고 자료가 뉴스보다 더 빨리 짤개에 올라옴 ㅋㅋㅋ미친 일베 ㅋㅋㅋㅋㅋㅋㅋ,0,1
11577,Ha5년 뒤한 달 조진다,0,1
11591,공산당2중대,0,1
11612,걍 재털이 치워 주고 대충 청소 해줬음 누구도 피해 보지 않았을텐데 노무 안타깝다,0,1
11613,오리지날 홍어 한번 먹어보고싶노 무슨맛이길래 치를 떨지,0,1
11618,넌 뭔데 끼어드냐,1,0
11620,쓸데없이 박식한게이노 ㅋㅋㅋ,0,1
11633,양쪽발 쩔뚝이 되지 않길ㅜㅜ,0,1
11637,간판떡칠불법주차쓰레기 천지 조선 길거리 보기만 해도 토나옴,0,1
11639,코로나 바이러스 때문에 장사 안되는데 임대료는 애미뒤지고 제정신이면 누가 장사함,1,0
11681,놀랄 만한,1,0
11692,와 진짜 할배들 대단하다 그냥 믿고싶은거만 믿는 정치병걸린 정신나간 집단같다,0,1
11696,아니 그러니깐 서울대 학살 최초 발사자가조선족 팔로군 출신이라는것 증거 있냐고요그리고 댓글쓴건 본문에 대한 내용이 아니라댓글에 서울대병원 학살 주범이 팔로군 조선족이라는글 있어 한마디 한겁니다그리고 모택동이가 대장정하면서 양민학살할만큼바보는 아닌걸로 압니다다시말해 모택동 똘마니들 조선족팔로군들이무식하게 병원환자들 생매장했다는건 모함이라고봄,0,1
11697,제발 기어나오지마 다시 들어가 두번다시 나오지마 더러우니까,0,1
11698,돈 존나 잘번당,1,0
11703,하프홍어 ㅁㅈㅎ,1,0
11724,ㅋㅋㅋㅋ시발 신뢰도 급상승ㅋㅋㅋㅋㅋㅋ,0,1
11737,사기꾼 새끼들이네,1,0
11759,집값 오르는 양이랑 일반 서민들 평균 연봉 상승률 비교 못하니아뮤리 머가리가 깨져서 문재인을 좋아하더라도 사칙연산은 할 줄 알아야지,0,1
11778,전역을 재촉하시는데 심정이 어떠신가요,1,0
11789,옛날에 맛보면 우리집라면 라면박사 이라면 존나 맛있었는데 ㅠ,1,0
11792,아재요 발닥고 자쇼,1,0
11804,방송 하차했음 좋겠네요 정말 보기 안좋네요,0,1
11842,어쩔 수 없다 이제 오빠가 나 출퇴근 시켜야겠네 ㅎ 는 2주동안 못보죠,0,1
11847,X100정도 돼지,0,1
11850,욕먹어도싸네 인간이길 포기한건가,0,1
11862,익명 그게 싫으면 인화기 사라 요즘은 소형화된 제품도 많아서 이리저리 보관도 편하다 대신 존나 느림,1,0
11877,오뎅 꼬챙이로 모가지 푹 쑤셔서 죽이고 싶네,0,1
11903,속뚫리는글 본부계동원 ㅇㅂ 8개 받아라 이기,1,0
11923,너무 싫다 진짜,0,1
11934,존나 짜증나,1,0
11963,무신 비밀이 많길래ㅋㅋㅋㅋㅋㅋ,1,0
11966,밍댕은 유럽vs미국,1,0
11969,대부분 그런 생각은 하지근데 돈 모아서 뜨는 년 드물다,0,1
11975,아파트같은거 물려줄 때 요즘은 물려준다는 개념이 없다며자식이 빚을 지던 뭘 하던 자식이 직접 사서 부모가 빚 갚아주는형식으로 간다고 하더만 내 생각에 딱히 물려 줄 재산 없으면안전빵으로 교육 투자하고 지식으로 남겨주던가 돈 있으면요령껏 피하던가 해야하는 듯 우리나라가 상속이 프랑스나이런 나라에 비해서 형식상으로만 약해보이는거지 실질적으로따지고 들면 그에 준하는 수준인데 호구 아닌 이상요령 안 쓰고 순도 100프로로 낼거 다 내는 호구가 있으려나이거는 좌우 안 가리고 다 까대야 정상인거지,0,1
11988,딜좀 더 쎄게좀 박아줄수없노 ㅋㅋ 해외 응디람서 왜케 소심하노 ㅋㅋ,1,0
11998,개꿀잼이네 영화한편 봤다 ㅇㅂ,0,1
12000,이거 ㅈㅈㅂ이긴한데 ㅋㅋ 꼴려서 ㅇㅂ줌,0,1
12002,니가 딱 조선식 사고방식이네 그렇게 보면 아이리쉬 기념일을 미국백인들은 ㅈㄴ 술쳐마시면서 초록색 옷입고 크게 행사하는데 그리고 음력 1월 1일되면 미국 모든 대학은 모든 동양 학생이 다같이 모여서 꾕가리 치고 행사하는데,0,1
12003,니들 짱개국 공산주의에나 짤리지 저긴 민주주의,1,0
12009,그래서 짱개한테 다 바치는 중,1,0
12017,더러운 여자 이용함,0,1
12018,얘 따가리가 현삼성총수냐,0,1
12043,맞어 그런거 같다 난 왠 싸가지 밥 말아묵은 호로세끼들이 다아 잇노 햇거던 네말 듣고 보니 그럴수 있겟다 조선족 놈들 이가 갈린다 혐오 그자체 임,1,0
12044,진짜 토나온다,0,1
12050,국민은 없고 궁민만 있지 ㅈㄴㄷ,0,1
12057,여자따먹은 목사는 그 반대임,1,0
12062,쟤 팬도 있나봄ㅋㅋㅋㅋ 미친놈,0,1
12080,글쓴이맘 이해한다옷도 존나게 냄새나는거 입고 나가기전에 방향제나 향수로 냄새 가린다 ㅋㅋㅋ,1,0
12083,파스퇴르 홍보대사 ㅁㅈㅎ,1,0
12086,ㄹㅇ 밤에 유산소하러 혼자 골목길 걸으면 존나 무서운데 이 노래면 죽음이 두렵지 않고 뒤에서 칼빵 날라오는거 무빙으로 스무스하게 피할수 있겠다는 자신감 생김,1,0
12145,스폰스폰 거리는데여자 스폰하는 거면 그냥 ㅅㅅ하는 거 아님,0,1
12146,익명 네이버에 대리기사만 쳐도 나오는 팩트첨부를 안한건 글쓴이 잘못이고내가 지금 얘기하는건 찾아보면 바로 나오는 팩트조차 찾아달라하는 3렙 게이 말하는건데 왜 화제돌리노,0,1
12185,미쳤네ㄱㄱ곧 끝물되게생겼네,0,1
12186,니가 사랑세키냑 더런악마섹키,0,1
12212,응 재기해,0,1
12235,존나 해운대인줄,1,0
12239,가장 기대되는 싸움임이슬람과 중국의 싸움 가장 잼있는 싸움이 될것이고 가장 잔인하고 거대한 전쟁이 될것 같음진핑이와 알라신의 싸움임인간의 왕과 신의 대결이라고 보면됨노무 기대 된다 반드시 성사되길 바람,0,1
12249,아진짜짜증ㅜ 왜케무개념들이많을까진짜ㅜ,0,1
12256,뭐래 홍준표는 그당시 여의도 의원도 아니였는데 뭔 탄핵찬성이야 병시나,0,1
12274,그게 부정선거야 빙신아 ㅋ,1,0
12275,홍보할래 자꾸 ㅡㅡ 응안사,0,1
12278,너도 일베글 제목에 여고딩 들어가기만 하면낚시여부 생각도 안 하고클릭부터 하고보는 짐승 주제에고상한 척은 다 떠네 ㅋ,0,1
12304,저 몽고선수 하단잡기없어진 이후로도 메달 ㅈㄴ 땄고아직도 몽골 국대임본질적으로 인자강임 걍,1,0
12310,저놈이 내가 유일하게 미안한 마음든 중궈다,0,1
12324,ㅋㅋㅋㅋㅋㅋㅋㅋㅋㅋㅋㅋㅋㅋㅋㅋㅋㅋㅋㅋㅋㅋㅋㅋㅋㅋㅋㅋㅋㅋㅋㅋㅋㅋㅋㅋㅋㅋㅋㅋㅋㅋㅋㅋㅋㅋㅋㅋㅋㅋㅋㅋㅋㅋㅋㅋㅋㅋㅋㅋㅋㅋㅋㅋㅋㅋㅋㅋㅋㅋㅋㅋㅋㅋㅋㅋㅋㅋㅋㅋㅋㅋㅋㅋㅋㅋㅋㅋㅋㅋㅋㅋㅋㅋㅋㅋㅋㅋㅋㅋㅋㅋㅋㅋㅋㅋㅋㅋㅋㅋㅋㅋㅋㅋㅋㅋㅋㅋㅋㅋㅋㅋㅋㅋㅋㅋㅋㅋㅋㅋㅋㅋㅋㅋㅋㅋㅋㅋㅋㅋㅋㅋㅋㅋㅋㅋㅋㅋㅋㅋㅋㅋㅋㅋㅋㅋㅋㅋㅋㅋㅋㅋㅋㅋㅋㅋㅋㅋㅋㅋㅋㅋㅋㅋㅋㅋㅋㅋㅋㅋㅋㅋㅋㅋㅋㅋㅋㅋㅋㅋㅋㅋㅋㅋㅋㅋㅋㅋㅋㅋㅋㅋㅋㅋㅋㅋㅋㅋㅋㅋㅋㅋㅋㅋㅋㅋㅋㅋㅋㅋㅋㅋㅋㅋㅋㅋㅋㅋㅋㅋㅋㅋㅋㅋㅋㅋㅋㅋㅋㅋㅋㅋㅋㅋㅋㅋㅋㅋㅋㅋㅋㅋㅋㅋㅋㅋㅋㅋㅋㅋㅋㅋㅋㅋㅋㅋㅋㅋㅋㅋㅋㅋㅋㅋㅋㅋㅋㅋㅋㅋㅋㅋㅋㅋㅋㅋ터졌따 시발,1,0
12328,혹시 널 떠본거 아니면 그냥 손절해전라도것들이 원래 간이라도 빼줄듯 하다가뒤통수치잖아전라도 아니라도 그런성향있는 놈들 뒤끝좋은거 못 봤다,1,0
12342,팔로군 출신 조선족이 서울대 병원 학살사건을 일으킨 증거는 없다 인민군에 팔로군 출신들이 있는건 사실이지만서울대병원 학살 증거는 없다 일게이들아 잘봐라 북한 인민군 VS 중국 팔로군 vs 조선족 책임 회피 애매한 사건 일어나니바로 중국 조선족 한테 책임 뒤집어 씌움 역사에 무지한 새기 아니면 짱개와 앙숙인 섬짱개 출신 스파이들이다애네들은 서울대에서 죽은 한국인에 대한 애틋함은 없고 그저 반중 반 조선족 프레임에만 골몰하는 늠들이다일베에 대만 섬짱개 출신 간첩 쩍팔이 간첩들이 드글댄다는 증거이다조선족 옹호하는게 아니다 조선족 간첩들도 한국에 있는데 애네들은 실제로 한국 아나운서 발음보다 더 좋고 일단 서울에 아파트 한채씩 가지고출발한다니들은 구분 못해,1,0
12345,진짜 양아치는 어쩔수 없네,0,1
12372,호텔와이파이존에서 카톡해라 이기,0,1
12376,나한테는 안해주니까 짜증나는거지 ㅋㅋ 언플 존나하니까 외교부 움직인거자나,0,1
12378,지하철에서 오줌 누고 컵라면 쳐먹고 토하는거랑 뭐가 다르냐,0,1
12380,1조 벌러 gaza,1,0
12387,떼법이 대법상위ㅋㅋㅋㅋ,0,1
12399,국사 교과서에 죽어도 안 넣음ㅋㅋㅋ노근리 양민은 죽어라 처넣으면서중국 북한 욕 처먹을 짓은 죽어도 안 넣음,0,1
12407,ㅈㄴ 잘만드노 ㄷㄷ,1,0
12419,한국 음식이 아니라 외국 음식이잖아 ㅁㅈㅎ,0,1
12463,사건사고있어도 재밌으면보는데 주작사건때문이 아니라 재미없기때문에 운지한거임,0,1
12470,아니 새끼 문어를 판겨,1,0
12482,전형적인 공산당 문구네 ㅋㅋ 진짜 요즘은 정신병동이 국회인지 국회가 정신병동인지 모르겠음,1,0
12502,너무이뻐서ㅋㅋㅋㅋㅋ 축하한다이기야,0,1
12510,ㅋㅋㅋㅋㅋㅋ518 졸지에 민주화운동됐노 일베 좌빨사이트 ㅅㅌㅊ,0,1
12525,조 ㅅ 국 가지가지하노,1,0
12553,다시 봐도 빡치노,1,0
12573,그러고 싶지만 애가 너무 착하고 맘약하다 이기 ㅋㅋ,0,1
12576,진짜 cnn 받아적는 국내 뉴스만 보는 새끼들은 감이 안오겠지 지금 미국 분위기는 완전 다르다,1,0
12596,싯팔 눈물 나오게하노,0,1
12606,미친놈들아 대통령이쉬운줄알아 니네가 뭔데 꼰대질이누,0,1
12627,절라도도 불가능,0,1
12637,아마 민주당이 똑같은 방식으로 이 정도로 심각한 투표개표 조작 의혹이 상태로 선거에서 졌다면소송이고 나발이고 필요없이이미 진작에 전라도 카르텔 홍어새끼들민주노총 귀족노조 새끼들 전부 총동원 되서 5월 정도에 폴동 일으켜서 나라 뒤집어 놓고 부정선거 수사 및 재판도 인민재판 마녀사냥 식으로 전개 했겠지,1,0
12674,헐장인어른이 일게이시다니 ㅠㅠ,0,1
12692,이 조또 없는 거 ㅇㅂ,0,1
12695,누구임 정말 예전 날카로웠던 일베충 보는것 같노,1,0
12742,의사가 없는 정신병원,1,0
12746,소형없다ㄹㅇ 레전드네 이샠기가ㅋㅋ,0,1
12762,미국한테 주미대사로 승인받는거 존나 오래걸렸다지 ㅋㅋ,1,0
12775,와 역겹다 여기 ㅋㅋ,0,1
12781,하 씨이발,0,1
12801,문재인 대통령님께 대하여 준비된 사수로부터 사격개시,0,1
12804,미국산 일베충 냄새가 너무 나는데,1,0
12807,하늘의 ㅊㄴ 어휴 내가제일 기피하는여자직업,0,1
12825,홍 어,1,0
12829,죽일까 ㅋㅋ,0,1
12843,살인이나 마찬가지였음,0,1
12897,응 음란물에미치다,0,1
12928,메뉴다줄여놓고 다시 신메뉴나오네 ㅋㅋㅋ,1,0
12934,윤석열은 이명박 박근혜 우병우 김기춘 조윤선 다 구속시킨 인물이다태블릿 수사팀장이 윤석열이명박은 몰라도 다른 사람은 다 사법살인당한 거임그리고 금태섭은 민주당 패스트트랙의 최대공로자임넌 틀니앙으로 가라,1,0
12958,av배우중에 노 대통령도 있지않나,0,1
13003,오빠가 저의 원동력 입니다 아프지 말고 늘 건강해요 사랑해요,0,1
13019,손톱사진 극혐,1,0
13040,일본손님 8명 ㅈㅅㄴ ㅋㅋㅋㅋㅋㅋㅋ,1,0
13053,청나라 짤있어서 선동ㅁㅈㅎ,0,1
13054,슬기 게이는 도대체 어떤 싸움을 하고 있던거노ㅜㅜㅜ 일베가 지켜주자 이기ㅠㅅㅠ,0,1
13059,측우기 해시계 이런거 보면 한숨만 나옴어렸을때는 뭔 정교한 장치가 있는줄 알았는데 ㅅㅂ,0,1
13060,그럼 그 글 쓴새끼 수도업자일 확률 떡상이네ㅋㅋㅋㅋㅋㅋㅋㅋ,1,0
13069,나도 요즘 유도하는데 존나재밌다 게이들아 해봐라,0,1
13083,니들도 민주당 존나 까지 않앗냐,1,0
13095,낸 슬기같은 애가 좋음노무 이쁘지도 않고,1,0
13100,9억넘어가는건 씨바꺼서초에 9억미만보다 9억이상이 더 많을텐데 ㅠㅠ,0,1
13108,저건 전구로 해결될 문제가 아니네보전깨 하고 레몬즙 뿌려줘야 함,0,1
13119,나라꼴이 말이 아니다 게이들아 돈있으면 금이나 많이 사놔라 금은 만국공통화폐아니냐ㅎ,0,1
13123,반일은 정신병,1,0
13127,좌승환이 요즘 음반 팔아먹는걸로 돈이 안되나봐짜식 그렇게 힘들면 형한테 말하지 소심한새끼,1,0
13136,잘생긴사람 욕하지마라 이기야,1,0
13171,하 재앙 임기 대체 언제 끝나죠 그것만 바라보고 있습니다,0,1
13177,에미한테 애비 누군지 꼭물어봐라 그때 참았어야 미안타,1,0
13181,두번째 사진 유미언니한테 혼날것 같,1,0
13189,아영아 너 키노 조이한다히지앙ㅎ랏냐,1,0
13209,리기미 10년만에 나라가 어쩌다 이리 된거냐 ㅜㅜ,0,1
13217,아리후레따 하나시,1,0
13220,국방부에 또 지령내렸냐 애미추 구속 안시키려고ㅋㅋ 아놔 이게 진짜 국민을 바보등신으로 아나ㅋㅋㅋㅋ,1,0
13224,가방끈 ㅋㅋㅋㅋ 가방끄은ㅋㅋㅋㅋㅋ 와우 가방끈 같은소리하고 자빠졌네 야구하고 한국위상 높인 사람이 가방끈이 필요하노ㅋ,1,0
13244,잃을거없는 양아치씹라도컹새끼들이나 맞다이하는거아님ㅋㅋ,1,0
13261,여행에 미친게 아니라 부조에 미친거였다,0,1
13263,까보면 지들 처먹느라 바빴을거 같은데까보면 지들 처먹느라 바빴을거 같은데까보면 지들 처먹느라 바빴을거 같은데,0,1
13265,온 뉴스가 ㅈ바이든찬양중임 ㅅㅂ보다가 항마력딸려서 꺼버리고지금 ㅇㅂ하는중,1,0
13269,조선족이나 전라도가 볼땐 그럴수도깔깔깔깔깔깔깔깔깔깔깔깔깔깔깔깔깔깔깔깔깔깔깔깔깔깔깔깔깔깔깔깔깔깔깔깔깔깔,0,1
13275,강제없었어새끼야 0프로야 조선인중개업자가 속여서 데리고와도 본인이 싫다고하면 돌려보냈다,1,0
13280,죄를 누가 지으래냐누군 씻팔 집구석에 안 가고 싶어서 반징역생활 하노,1,0
13284,기사 ㅈ같이 쓴 기레기들 정보도 다 모으셈 특히 여기레기들,1,0
13295,신라면 너무 맛없어서 진라면 먹어봤는데다시 신라면으로 그냥 갈아탐ㅋㅋㅋ,1,0
13306,노예달래기 ㅋㅋ 이제 제발 횟불과죽창을 준비해라 촛불은 길을 밝킬 수없다,0,1
13329,클럽갔다는년들 한번씩은 원냐잇 해봣다고 생각하면 되냐난 클럽 한번도 안가봐서 모르겟다 게이들ㅇ ㅏ 어떻게 생각하냐,0,1
13346,안되지 안되지 ㅜㅜㅜㅜㅜㅜ 어린새끼들 건드리면 안됨 ㅠㅠ,1,0
13351,진워렌버핏 자살예언 미만잡,0,1
13370,와이새낀 이쪽으로 고찰을많이했네ㅇㅂ,0,1
13378,학원강사면 대충 소문 다 나지 않냐 ㄷㄷ,1,0
13385,신작인줄 알았네 ㅅㅂ ㅁㅈㅎ,1,0
13387,운지하고 싶을정도로 고통스러웠다,0,1
13396,나 제천화재 났었을때 그 건물에 있었는데 소방관이랑 거기 목욕탕이랑 거리얼마안됨 ㅋㅋㅋ작은지역이라서 금방옴 근데 건물이 ㅈㄴ 탔음 소방관 개꿀직업맞는듯,0,1
13397,저거저거 머리가 장식이구만그래,0,1
13399,딴건모르겠고 저방 존나 추울거같은데 난방은 되냐,0,1
13401,미니중국에서 당연한 일이지 ㅇㅇ,0,1
13462,Irene이 외모가 독보적이라고 내가 방송계 관계잔데 그 누구도 너처럼 말하는 사람 없음 그냥 눈 땡그랗고 피부하얀건 인정하지만 전혀 매력 1도 없고 딱히 미인형도 아냐 주입식 미녀란 말 못들어봤노,1,0
13466,문재앙 이 사람 이었냐,0,1
13476,저능아는 여물고있어라조선족 욕하는거 물타기하는거보소,0,1
13485,여자가 애 낳는 기계도 아니고 뭔데 계속 애 낳으라고,0,1
13486,뭐 이런 쓰레기사를 다 봤나,0,1
13505,이새끼 짱개임,1,0
13521,아이 엄마의 남자친구ㅋㅋ 아빠없는줄 알았는데 아빠가 있네 근데 집으로 남친을 불러ㅋㅋ,0,1
13524,함소원씨는 말로만 가족이라고하는것같았고 완전 하인부리듯 부리는것같아서 보기안좋았음,0,1
13533,문재앙이 하는 행동들중국의 이익을 위해서라고 생각하면모두 들어맞음나라를 중국에 팔아먹기 위해 대통령 된 인간이다,0,1
13541,진짜 탈김치긴 하네,0,1
13544,갓본 말고 짱개가 조선반도 쳐먹었어야 조1샌징들이 자꾸 한입으로 두소리안하는데,0,1
13558,와 여기 고열 방송 주작에 대한 이야기는 하나도 없네30가 진짜였으면 70는 주작이라는 건데 ㅋㅋ열심히 일해서 돈 왕창 벌고 돈걱정 없이 살고싶어하는 건 알겠는데 그런 걸로 주작은 좀너무 하네요 방송이야 애초에 전부 다 거짓이많고 주작 천지지만 이건 좀패널들출연진들 전부 알면서도 돈때메 속이고 속고 방송하는 거일부러 더 스스로를 욕먹게해서 악플로부터 불쌍한 모습으로 위장하고 사람들이 안타까워하는 심리를 이용해 아내의맛에서 더 설정하고 더 주작하고 뭐 그런거아니겠어요,0,1
13572,누나 거유시냐,0,1
13590,빨렙에 이태원얘기라 이태원게인줄 알았더니 딴놈이네,1,0
13592,형님형님 야 이거 존나 웃기네 ㅋㅋㅋ,1,0
13599,트럼프는 좀 경박하던데 그리고 너무 사업가적 언행이나 행동이 많아서 체구에 비해서 없어보임 뭔가 책임질일 있으면 다른놈한테 전가시킬거같음차라리 스티브잡스나 거니찡같이 카리스마있고 책임질일 있으면 기꺼이 나가서 책임질거같은 리더가 진정한 리더임리더가 도람뿌같으면 조금 곤란해,0,1
13606,몸매수준 진짜 심각하다헬스할때는 몸매 좋은여자들 많은데그런여자들은 애초에 운동밖에 관심이 없어서존나 아쉽네진심 엉덩이가 저게뭐냐 내 엉덩이가 훨씬 더 힙업됐다,1,0
13613,연금도 합병한다는디,1,0
13623,여자들도 잘하네 군대가자,0,1
13624,틏딱들은 무언가 늘 예측하잖아,0,1
13632,미친 집구석이네,0,1
13635,630억 달러도 아니고 630억이면 트럼프 용돈으로 해결가능 븅신아ㅋㅋㅋ,1,0
13645,아니 동네 가까운데 먹을만한데 잘없으면 아지매가 벌려도 자주감ㅇ ㅇㅂ,0,1
13670,혁명혁명혁명 그리고 씹장생,1,0
13675,느가부지 자지가 절굿공이라서 어머니가 뿅뿅가셨나보다,0,1
13681,진짜 이놈의 나라는,1,0
13685,문재앙 같은넘이 대통령 하다니 말세다 말세,0,1
13714,일베에서 분탕치던 틈루새 조선족 바퀴벌레 들 총출동해서 발악하는거 봐라니들이 아무리 발악을 해도 부정선거 개짓거리는 절대로 안 뭉개지고 부정선거 한 토착짱개 문재앙 민주당 좌파 새키들은 반드시 몰살당한다물론 이 부정선거를 덮고 뭉개려는 자들도 반드시 발본색원해서 그 시발년놈들도 무조건 사형시켜야 한다이거 바로 잡지 못하면 대한민국에 더 이상 자유 민주주의랑 국민주권은 존재하지 않아 북괴식 짱개식 노예국민 민주당 영구집권만 존재하게 될 뿐이지기본적인 고등학교 수준의 확률 통계 개념 대한민국 선거제도만 알고 있어도 이번 415총선이 부정선거라는걸 안다이걸 부정하는 새키들은 부정선거 관련자들이거나 짱개 공산당 애들 말곤 대한민국 국민들중엔 아무도 없다,1,0
13724,익명 설명충은 ㅁㅈㅎ,0,1
13734,약자만 죽여놓고 개소릴 써놨네,0,1
13760,와 생각해보니 에이전트E에 어울리는 노래였네,1,0
13761,저거 잘하는거다MB가 저렇게 독하게 못해서 말년에 고생하는거 아니겠노다음 대통령은 문재인의 ㅁ자만 묻어있어도 다 도륙내야 그사람도 살고 나라도 사는거임보고 배워야함,0,1
13792,졸라 선넘어 중국 좋아하는데 이런거 보면 졸라 짜증나고 정떨어져ㅋㅋㅋㅋㅋㅋ,0,1
13802,난 아무생각없이 아빠가 스테플러 종이에 박는거보고 내손에도 박힐까 하고 박았는데 쑥들어갔었당,0,1
13808,정작 일하는 사람들 감사하다고 하는 분들이 더 많은데 ㅋㅋㅋ삼성도 장학제도 엄청 했음정경유착이라 하며 정치와 경제가 분리되어야 하는 건 줄 아나보지모든 정치에는 돈이 들어가서 정치와 경제는 상부상조 해야하는거임나쁜 정치인들이 정치를 이용해서 자기들 주머니에만 채우는 거지 대표적으로 지오영ㅋ,0,1
13839,저게 우좀 지식 수준현실임 ㅋㅋㅋㅋ,0,1
13851,쒸팔 스크롤 다 내리니까 자지서있음,0,1
13878,ㅇㅈㅋㅋ 내려오는게 도와주는 일임ㅋㅋ 작년부터 재앙이 끊이질 않음,0,1
13880,중국입국 지금이라도 막으세요 북 중 간첩 눈치보지 말구,1,0
13897,나라가 코메디가 되가네탈영해도 애미추 아들은요 하면 되니까ㅋㅋㅋㅋㅋㅋㅋ,0,1
13920,애초부터 원래 강한 해병대 맹호 백마가 가서 그런거지,1,0
13923,오ㅓ ㅅㅂ,1,0
13944,풀소유재산 많은건 그려려니 하는데입터는게 빢치는 놈이지 ㅋ 욕심을 버리고 어쩌고 저쩌고,1,0
13948,뭣도 모르면서 나불대네 ㅋㅋㅋㅋ내 여태까지 쓴 글 한 번 보든가,0,1
13953,몽골놈들은 가난하고 몸에서 우유비린내 나도 게이 소리는 안 들음,0,1
13960,정권따라 다름 지금이야 그렇지 이명박근혜때는 최소한 전쟁나면 총들고 나가 싸우려는 20대 젊은사람들 많았음지금은 그런짓하는게 ㅂㅅ이라고 함누가 국가에대한 희생의 가치를 이렇게 만들었을까,0,1
13968,공포흉가살인마의 집 꾸미라 이기,1,0
13989,아 호스텔게이아저씨 왜이리 웃프지 ㅋㅋㅋ,0,1
13993,단독 분양권 숨기고 상가도 반쪽만김홍걸 또 꼼수김홍걸이 니가 사람이냐 욕심이 덕지덕지 아주 가관이다 부모님 얼굴에 똥칠을 하고 국민들을 이렇게 배신하다니 그 정도 명예면 됐지 천년만년 살 것처럼 아주 돈에 환장을 했구나 이명박이도 울고 갈 위선자에 이중인격자 내가 다 부끄럽다 민주당과 국가에 더이상 피해 끼치지 말고 당장 국민에게 용서를 구하고 국회의원직 사퇴한 뒤 부동산 업자나 해라 그 정도 돈이면 평생 먹고 살 걱정이 없겠다 참 정치인들은 뭔 돈이 그렇게 많은지 서민들은 코로나로 아사 직전인데 명예에 돈에 권력에 전 세계에서 대한민국 국회의원만큼 좋은 직업이 없을 것이다 세종대왕도 부러워할 직업이다,0,1
14060,문죄인은 1년만에 일자리 50조날렸는데 뭐,0,1
14077,근데 일본한테만 ㅈㄹ 하노ㅋㅋ,1,0
14095,요즘 2030대중 누가 청약으로 서울에 집삼가점 ㅈㄴ게 딸릴텐데,0,1
14099,내가미친놈 맞지ㅋㅋㅋㅋ,0,1
14101,기레기들 이런거 좀 기사 써주지대통령님 항상 응원합니다,0,1
14128,공무원은 괴롭허도되서 ㅇㅂ,0,1
14162,난 아직 금요일단풍국게이를 살,0,1
14163,이명박 계좌에 339억 없는데 어디에 339억이 있다는거야 이 ㅄ아 말똑바로 안해,1,0
14167,똥푸산 사하구 신평로교회 좌빨 범죄자 조지한 지푸사와 이름이 똑같아서 그런거 아닐까,1,0
14190,팩트는 니가 묵어부럿어,0,1
14197,1200억이 말이냐 똥꾸나,0,1
14199,사실상 한겨레방송,1,0
14216,이대니깐 저거라도 성신여대인가 거기나오면 저런머리더 못쓸듯,0,1
14223,초대남 혹시 필요하세요,0,1
14232,시진핑 ㄱㅅ끼,1,0
14239,아이디 신박해 칭찬한다이기,0,1
14246,인공 아 그래서 북괴 개객기들이 인공기를 사용하노근디 바둑이 인기도 없다는디 상금은 왜케 쎈겨,0,1
14247,진짜 AV 찍는년들 보통년이 아니다전세계에 지면상과 보지가 적나라하게 공개될텐데일본에서는 기본다알아보고 사까시할때 어떻게하는지 다드러날텐데,0,1
14250,httpswwwpolitifactcomfactchecks2020oct27instagrampostsmaliaobamacreditcardphotoisntnewandtheres팩트체트 사이트다 니가 말한거 False라고 명시돼있다 지난 대선때 가짜뉴스 존나 이슈됐었지 너 같은 애들이 퍼뜨리는거야왠지 모르겠는데 클릭하면 깨진 링크고 저거 복붙해서 붙이면 사이트 나온다,0,1
14256,부동산은 99가 위치인데풍경이 촌구석이라 집자체는 존나 쌀꺼 같은데게이 심술 오지노,1,0
14264,센트럴파크 말똥냄새ㅠ,1,0
14274,단식투쟁죽어라그냥 사회 나와서 재범하지말고 ㅉㅉ,0,1
14276,시바 작년에 내가 가대를 그렇게 가고싶어했지,0,1
14278,너빡대갈을 위해 요약해주께자기주식 한주도 없는 다스회사공금을 300억가량 횡령하고 회사자금을 멋데로 유용했으며 한주도 없는 다스를 대통령권력을 써서 회사이익을 지켜주고 삼성까지 움직여 도와줬지만 자기께 아니다고 우기는거임,0,1
14285,시진핑 꼭 죽이자,0,1
14288,중국의 개들이거든,0,1
14298,능욕 ㅋㅋㅋㅋㅋ,1,0
14305,댓글창 열어라ㅋㅋ ㅆㅂ,0,1
14318,만약 고유정이 진짜 범죄자 아니면 존나 불쌍하겠노,1,0
14347,한nam충 고객은,0,1
14359,ㅋㅋㅋ 존나 웃긴다 ㅇㅂ,1,0
14361,부산시티 가즈아,1,0
14379,신혼여행 여기하자 파리는 그전에,1,0
14387,우리부친 선배가 전라도시의원할라고 평민당 공천받으러 얼마준비했는데 그걸로 어림도없다고함ㅋㅋ그양반도 씹보수인대 지역이 지역이다보니ㅋㅋ,1,0
14395,ㄹㅇ 처먹는거까지 허세를 부리는 조선인종특,0,1
14403,하 쓰바,0,1
14408,그러니 헬조선이지구조현장에도 젊은여자 돈 권력 빽 이런게 연관됨솔까 중궈와 머가 다르냐이미 중국인들 많이들어와서 장기매매 인육 다 거래되고 갈수록 중국몽인데 여기 민도도 중국과 크게 다르지않어,0,1
14415,이제 일제시대에도 저런 완벽한 한글이 쓸 수 있게 된 것도 올려라일제가 미완성 한글을 개량해서 완성시켜 보급한 정보도 올려야지저기 있는 아리랑 가사가 증거잖냐좌빨들이 일제시대 한글을 못 쓰게 해서 없앴다고 염병하는 허위사실에 대해서 말이지오히려 일제시대가 풍족하고 굶어 죽는 사람도 없고 살기 좋았기 때문에 나는 지금도 일제시대로 회귀하길 원해문재인이랑 애미추는 권력과 자리를 잃게 되니 절대 안 된다고 눈이 뒤집히겠지만 ㅋ 그러면서 일제시대가 얼마나 혹독했었는지 아냐고 선동하겠지 ㅋ,1,0
14425,내가 내친구 바이든한테 드루킹때문에 당선됫다고 이야기 할까 ㅋㅋ트럼프는 김정은이 친구고 내친구는 오바마 바이든 앙겔라 메르켈 마크롱 등이 있어 ㅋㅋ 곰탱이 시진핑이는 니친구해라 ㅋ내가 특별히 양보할께 ㅋㅋ 그만해쳐먹고 시진핑이랑 동물원에나 들어가라 ㅋㅋ 곰탱이와 소 제목좋자나 ㅋㅋ,1,0
14428,김무성 유승민도 정치자살했지,0,1
14435,개조1센 까는 글은 무적권 ㅇㅂ,0,1
14436,저 남자 데려와 송제이,1,0
14439,딸내미랑 두근두근 홍대 데이트 하고싶다,1,0
14442,수지짱이 맞았다고,1,0
14444,소방게이는 ㅇㅂ,0,1
14446,역시 풍족한 사람은 여유가 있노일게이들 같으면 좋다고 질내사정 하는데ㅋㅋㅋ,0,1
14448,눈이랑 코만 건드려도 김제동 얼굴도 잘생기게 변함 솔직히,0,1
14454,와 일본 재연 존나 개쩌네 영화같다 ㅋㅋ,1,0
14458,익명 빙시야 그건 빈민이지,0,1
14476,3호봉 기준 실수령 300350이던데 직원들 만족도가 높다고 함 10시되면 잠자는 방이따로 있어서 거기서 개인침대에서 자면 되고 안마기 있는 휴식공간에서 힐링하거나 암튼 복지 존나좋더라 점심에 태이블당 식당처럼 매운탕도 먹고 구급대는 일부러 노인들먼 곳으로 택시역할 해줘서 시간 까고 맥날이나 카페에서 음료 받고 오고 ㅇㅇ 상상이상이더만 반면에 경찰은 별로 업무강도가 높아서 현타 자주 오는 것 같더만 소방으로 이직할까라고 하는놈들도 봄,0,1
14492,외관만 봐도 존나 독특한사람같네눈빛도 오묘함,1,0
14500,시민권 받을수 있는 권리 니가 뭔말을 하는지 알고 씨부리는 거임,0,1
14504,현 조선을 대표하기에 나무랄데 없는 사람임,1,0
14508,니집구석년은 2년안에 암걸리고 5년안에 고통스럽게 길바닥에서 퍼져서 피토하고 도움못받고 죽는다,1,0
14529,드디어 미친게 아니라 원래 미쳐있엇음,0,1
14531,증말 주접들 떨고 있네 적반하장 내로남불 오진다,0,1
14557,정답 x폼잡는 성광님,0,1
14572,성별 저반대인데 좆무원 나부랭이가 저딴반응했다 백퍼 여초에 죄다 좌표찍히고 청와대청원 담당공무원 해임요구 50만돌파함ㅋㅋ,1,0
14577,꿀 같앙,1,0
14579,스신부새끼들 정권기생 잘하잖아기독교가 우파성향이라 욕 다 쳐먹어주고천주교 불교는 존나 편하게 정치질,1,0
14585,응 그래ㅋㅋ인증없으면 안믿어ㅋㅋㅋㅋ네다음밤새일베하는 앰생히키ㅋㅋ,0,1
14599,저희 어머니도 도우미를하시면서 3세아일 봐주시고 계시는데 같이 시청하시면서 우시더라구요자기자식귀하면 남의자식귀한줄알아야지자기딸만 소중하냐고 그럼 자기가키워야지남자아이와 선을 그으실거먼할아버지 아빠 다 그으세오참 유별나십니다둘째 낳아서 뭐하시려고요매화 나올때마다 인상찌푸려지게하시는거에 적응이되네요애 잘키우고싶고 그러시면애나보세요 집에서돈번다고 그러지말구요그리고 대본이에요방송에서 슬립입고나왓을때경악했네요 나이 50에좀 정신차리세요,0,1
14601,대한민국 쓰레기 언론들이 어떻게라도 중국몽 비벼 볼려고 어제 뉴스까지 트럼프 승을 예견하는 대한민국 뉴스가 단 1도 없었음,0,1
14607,오픽노잼 보지 말라는건 극단적이긴하지만 공감되는 부분도ㅠ있음 개인적으로 스크립트 외우라 외우지마라보다 스크립트를 다양하게 만들어보면 자주쓰는표현정도는 외우면서 자연스럽게 하는게 좋다고 생각함 필러도 자주쓰면좋고,1,0
14618,ㅅㅂ 일베가 인방갤이냐 ㅋㅋ 이게 메인으로 뜨네 ㅋㅋ 좃망 일베,1,0
14622,손예진 이하나 ㅆㅅㅌㅊ,0,1
14624,다리없는 송장,0,1
14641,새민련 찍은 놈은 태평양 한가운데 수장 시켜야지,1,0
14649,누구 대가리에서 나온거냐 ㅡㅡ,0,1
14658,석사논문은 다 저렇게쓰는거아님 난 다른학교다니는 친누나가 과는 같은거라서 누나가쓴거 반넘게베껴서냈는데 ㅋㅋㅋ 그리고 씨발 조교들이 표절 프로그램돌려도 웬만한건 그냥다 넘김 ㅋ,1,0
14669,익명 존나 찾기 쉬운 걸 왜 링크 안 해놨냐 글쓴놈은,1,0
14682,와ㄷㄷ 개찌질해,0,1
14688,그랬으면 좋겠다를 존나 안쓰럽게 씨부리노 ㅋㅋㅋ 무섭긴 무섭노 ㅋㅋ,1,0
14710,익명 뭐래냐 등신아 글좀 똑바로써,1,0
14716,혜 혜민이 생각하기에민 민중은 개돼지입니다 허허허,1,0
14726,게이야 가능,0,1
14734,좌빨과는 확연히 다른 일게이식 합법대처 ㅇㅂㅇㅂㅇㅂㅇㅂㅇㅂ,1,0
14763,노짱갤러리 팔로우 한 번씩만 부탁드립니다,1,0
14775,저글을 여고생이 쌌다고 저런 글은 베충급은 되야 나오는 필력인데,1,0
14789,당신은 사랑받기위해 태어난 사람,1,0
14819,국민참여재판에 군인 혐오하는 메갈년들만 앉혔냐어떻게 저런 판결이 나오노,0,1
14821,지금 우리나라 민주당놈들 잠 못 자는넘들 많을거다먼저 폭로하는게 살길이지,1,0
14824,보방관 할당제 잇지않냐 요새 소방서가면 보방관들 꼭잇던대,0,1
14825,윽 토나왕,1,0
14830,일반 백반집인데 공기밥추가 돈 처받는식당은 아무리 싸고 맛잇어도안감,0,1
14834,와꾸 좀 딸려도 홈런 그냥침ㅋ,1,0
14838,졸라 소름,1,0
14842,서민코스프레 쇼재인 일베도가고 쇼한보람이 있을듯,0,1
14869,니말이 더 그럴듯한데 실속하나없는 씹소리네 무기시장에서 미국과 러시아가 양대산맥인건 초딩도알건데 뭔 개소리를 이따구로 요란스럽게했냐세계시장이 너보다 무식하고 무기성능몰라서 구매해준당께요,1,0
14876,그지같은 것들이 지들이 나와서 끄지는 못 할 망정,0,1
14899,516폭동 ㅇㅂ,0,1
14909,저건 너무하네 ㅋㅋㅋㅋ종이로 읽던가 씨발 ㅋㅋㅋ,1,0
14924,나라면 성형 씨게 한다,0,1
14926,박근혜가 독선을 하지말고 포용을 했어야 했는데독선을 하니까 주변 충언 하는 사람들은 다 떨어져 나가고 적으로 만들기도 하고결국 주변엔 간신들만 남아 정치적 죽임을 당한거지이제 박근혜가 할 수 있는 마지막 카드는 자살 밖에 없다자살해서 우파를 뭉치게 해야 됨 그거 아니고서야 답이 없음근데 눈치가 없는건지 니가 나 탄핵 시켰으니 다 같이 죽자라는 마인드인지 총선때 숟가락 얹은거 보면 아직도 정신 못 차린듯,0,1
14935,일제가 뭘 수탈했노 ㅋㅋㅋㅋㅋㅋㅋㅋ일제가 수탈해가서 백성들이 피골이 상접된 사진 어떤 사진 제시해봐 ㅋㅋㅋㅋㅋㅋㅋㅋㅋㅋㅋㅋㅋㅋ,0,1
14939,바무현 ㅋㅋㅋ,0,1
14941,소방게이 ㅇㅂ,0,1
14943,문재인이 깜방 갈것 같냐 절대로 못보낸다 왜인줄 알아 이병박이고 박근혜고 제대로 정치보복 했으면 문재인 당선되지도 못했을꺼다 이미 깜방에 가고도 남았지 우파는 정권잡고 제대로 정치 보복을 못해왔었다 그놈의 이미지 때문에 그리고 잘못하면 민주화 탄압이라는 프래임 때문에 지금 이시점에서 문재인 깜방 보내는 유일한 방법은 쿠데타 하나 뿐이다 국민이 주도해서 쿠데타로 강제로 끌어내린 다름에 정권 무너트리고 좌파 정치인 판사 줄줄이 잡아 끌어내리고 쿠데타 정권에서 싹다 사형시키지 않는한 다음 정권까지 그냥 문재인이 임기 채우고 투표로 다음 정권 뽑으면 518로 또 좌파 정권 들어온다 그렇게 두세정권만 넘기면 문재인이 깜방보느는거 거의 불가능해진다,1,0
14957,검찰개혁은 북한이 미는 개드립 중 하나다 적폐청산 토착왜구 드립도 마찬가지,0,1
14961,어떡해야하노 알려달라이기야,1,0
14972,컴퓨터켜서 봐라 십라 ㅋㅋㅋㅋㅋㅋㅋㅋㅋㅋㅋㅋㅋㅋㅋㅋㅋㅋㅋㅋㅋㅋㅋㅋ존나웃기다,0,1
14975,시바1위는 존나 유리하게이미 지방을 많이 가지고갔구만ㅋㅋㅋㅋㅋㅋㅋㅋㅋㅋㅋㅋㅋㅋㅋ,1,0
14983,사지멀쩡한 대한민국 장애인특권 각종 혜택 군면제취업시 혜택 등등,0,1
14999,네다음호구 ㅇㅂ,0,1
15003,도로 건물 존나 많이 새로생김,1,0
15005,김일성종합대학 광주분교 출신,1,0
15018,중국최하등급중국인조선족인지 뭔지문재인 특 지들끼리만 좋아하고 나머지는 얘네 다 싫어함 죽었으면,0,1
15047,직업소방관이랑 의무인 군인이랑 비교가 되냐ㅋㅋㅋㅋ 비교하려면 새벽까지 폰게임티비보다가 총탄약 대검함열쇠 당직병주고 잠만자는 당직사관하고 비교해야지,1,0
15051,시발 폭스도 잠깐 등 돌리더니압박에 견디지 못 했군,1,0
15065,7 저정도 정치글은 ㅇㅂ 초창기부터 계속 왔었는데 니가 유입새끼 아닐까,1,0
15103,그래 부정해 ㅋㅋㅋ 현실이 바뀌냐 ㅋㅋㅋ근데 아니나 다를까 반응보니 넌 돈 존나 못 버나보네ㅋㅋㅋㅋ,1,0
15131,와니기미 세월호 성지 재앙정권 탄생지라 하지 그랬냐,0,1
15138,일베에 현재 ㅂㅈ 92명 서식 중,0,1
15141,아무리무식해도 일베충들만하겠냐,1,0
15145,개쌉소리 우리돈으로 주는 밥도 주지말아야해 쓰레기만도 못한것들,1,0
15149,전두환이 한거 10 박정희가 한거 90,0,1
15155,나는 개인이노 이기,1,0
15166,이글 존나신기하네 보기전엔 정배우였는데 읽고나니 정태우로 바뀜 ㄷㄷ,0,1
15170,조금만 더 있어봐라 배달 오도바이 질서 잡는다고 배달비도 존나 오를거다 ㅋㅋㅋ,1,0
15178,그래서 저여자 와꾸가 어떠냐,0,1
15182,나 부모님 전남 신안사람인데도 못먹음 최대한 홍어맛 안나게 홍어무침해도 조금만 쉰맛나면 못먹겟더라,1,0
15185,샤프대가리정도 된다,0,1
15210,벨튀범 진압 2초컷 가능하냐,1,0
15217,문꿀오소리똥파리들은 문프 탄핵하는거 찬성이용,0,1
15276,밑에서 3번째 한국아닌데 저게 왜 자꾸 조선으로 올라오는거냐 ㅁㅈㅎ노비 제도 자체는 이미 그전에 없앴어 ㅁㅈㅎ 암안리에 남아있던거지일뽕 추천조작으로 ㅇㅂ 존나 가네,0,1
15287,지능 떨어지는 것들욕할 시간에 기부할 생각은 안해보지,0,1
15293,그렇노 ㅋㅋㅋㅋ 너무 흑형들이랑 마니 어울려서 그런거 같다 ㅋㅋㅋ,0,1
15295,연기력은 우리 노짱 반의 반도 못따라오네,1,0
15301,어짜피 두둔해 줄 우파도 없어,0,1
15328,이런 문제가 나오면 또 해결할 생각은 안 하고 건수 잡았다고 그동안 제기됐던 여성 관련 문제들 싸그리 없애려 하지 ㅋㅋㅋ병이다 병 심지어 문제의 수위 차이가 있는데도 건수하나 잡기만 하면 남성차별 여성우월 ㅇㅈㄹ,0,1
15352,보보가 설마 그보보냐,1,0
15358,문재인자체가 고통이다 자진사퇴하라,0,1
15387,도둑넘들 싹 잡아 죠져야됀다 이대로는 안됀다,1,0
15420,ㄱ ㅐ ㅅ ㅐ끼,0,1
15429,배운 전라도는 목을 쳐야되겠노,0,1
15439,저 년 박정희 기일날 뭐했냐,1,0
15448,부정선거를 주도한 인물들을 색출해서 실제로 사형까지 집행해야한다,0,1
15456,머기업 상대로 깝치노,0,1
15465,참 심술궂게 생겼네 저딴 여자랑 사느니 차라리 죽는게 낫겠다,0,1
15467,기습 자지 물어뜯기 크앙,0,1
15469,반올림이란곳을 몰랐는데 어제 KBS라디오에 그짝 변호사가 나와서 삼성 조온나 까더라여읔시 진행자도 그래요 잘못했네 시전파티어렵다 막 그러던데 후원금이 줄어서여읔시 다 이유가 있네 좌파들의 뒷구녕 돈통,0,1
15470,지구 밖으로 던져버리고 싶네 18,0,1
15471,니기미 간단히 조개다 걸러라 이기야,1,0
15477,유서에 계좌적는 사람이 어디있냐 ㅋㅋ,0,1
15480,정치하면 얼굴 인상이 왜케 다 엿같아지냐 진짜 사람이 악독해지는거 같음정치인들은 다 그래,0,1
15483,그냥 가세연 이근 둘다 망해라,0,1
15486,아내 좌파 ㅋㅋㅋㅋ,0,1
15505,푸는거 말고 생각으로 해야할거 같은데 좌변에서 r으로 적분하니까 r은 적분식에서 꺼낼수 있고 순서 바꾸면 마이너스 부호 붙고 r따라서 폐곡선 한바퀴 돌리면 넓이 나오는거 아님 어떻게 푼다기 보다 그냥 등식같은데,1,0
15506,주진우 솔직히 우파였으면 좀 간지났을거같긴함 막짤보니까 중년간지좀있음,1,0
15531,태백산맥 씹명작,1,0
15548,유재석 인성ㅉㅉ,1,0
15559,어차피 개돼지들은 이런거에 관심없음,1,0
15566,북한으로 좀 가라,0,1
15567,전라도 전라도인들이 없는 클린한 대한민국에서살고 싶습니다,0,1
15589,대한민국 역사상 가장 무능하고 타락한 대통령이 너다,0,1
15595,짤속에 발로차는자ㅜ떨어지는자 노무노무 궁금한데ㅋ,1,0
15607,왜자꾸 까치발서여ㅋㅋㅋㅋ,1,0
15614,얘네 답도 없다,0,1
15622,야호신난다 이렇게한번대가리깨지지않으면 혁명을할수없다규,0,1
15632,진짜 미친건가,1,0
15645,군대갔어 염병떠네 사형시켜 버릴라 왜 핸드폰도 달라하지,1,0
15649,고이드립보소 ㅋㅋㅋㅋㅋㅋㅋㅋㅋㅋ 이뻐보인다 초대남가능,0,1
15650,ㅈㄷ 모르면서 씨부리네 저거 물마시는 바가지가 아니라 손 씻는거다 나무가 너무 반득하고 길어서 공산품처럼 보이기는 매한가지,0,1
15652,평생그렇게 살으라고 해라 일제는 니미 니 앞가람이나 잘해야지 ㅋㅋㅋㅋ ㅇㅂ,0,1
15662,불철주야 노심초사 없어서 ㅁㅈㅎ 가아니고 ㅇㅂ,0,1
15671,익명 아암ㅋㅋㅋㅋㅋㅋㅋㅋ몇천년 전부터 유목민족 뿐만이 아니라 젖이 나오는 가축을 기르는 지역이면 다먹던게 우윤데 검증이 안됐당께ㅋㅋㅋㅋ조선시대 수랏상에 올라가던 타락죽도 검증 안된 위험 식품이랑께ㅋㅋ,1,0
15688,아니 ㅅㅂ 애초에 로리란 단어를 왜 검색하노 애초에 비정상적인 놈들이나 검색하지,1,0
15693,1렙 매크로 말은 닥쳐라,1,0
15707,그러니까 정부에 대항하지 말고 순순히 따르자갓재인 정부에 대항하는 자는 반동분자다이기,0,1
15710,한국 제약회사들 믿어라어떻게든 샘플빼와서 따라만들거임 ㅋㅋ가격은 두배이상 받아먹겠지 센징이 종특 유사짱개국가,1,0
15735,걱정 마라내가 문재앙도 똑같이 감옥보낼거다,0,1
15741,뭔 개소리 동영상도 많은데 증거가 없기는,1,0
15761,httpswwwinstagramcomrokseal지웟네 ㅅㅂ,0,1
15766,노무현 만큼은 가수로썬 인정한다,0,1
15767,버거킹 신동아 아파트 밑에 잇는거네 건너편에 롤프벤츠 같은 명품 가구샵들 잇는곳이고아 내가 신동아 아파트 시절에 살았다 지금은 패밀리아인가 뭔가 ㅄ같은이름임,1,0
15776,왜 우린 지금의 레오오빠가 아닌 저때의 레오오빠에게 얽매여 있는것인가,0,1
15785,혜정이 옷이랑 신발은 사주세요 인터넷에 보면 싼거많아요ㅠ 돈을떠나서 이모에게 휴식시간을 충분히주세요 게임방을 이모님 휴게실로 만들어주시던가요티비넣어드리고 저렇게 일하시다 쓰러지실것 같아요 그리고 진화씨랑 두분이 직접 하실수 있는일은 직접하세요 양말까지 찾아달라는건 정말 ㅠ,0,1
15788,쟤네 민주당원임선플로 공감때려주면 나머지 쥐때들은 알아서 따라옴,0,1
15789,홍진영 아버지 보수라고 들었는데 ㅋㅋㅋ,0,1
15793,부정선거로 장기독재하는 새낄 처빠네 ㅋㅋㅋ,0,1
15810,니 시애틀 시절은,1,0
15819,예수는구주 그다음은 대한민국이다 홍콩처럼 속국으로 만들려는,0,1
15820,국산 쓸거면 아임삭 평판이 더좋은 같음 솔직히 디월트밀워키마끼다 보쉬계양아임삭별반 차이를 모르겠음,0,1
15832,영등포전라도 천국,1,0
15839,이나라 경제가 중국에 좌지우지되게 힘이 없어져야애초부터 중국에 착 달라붙어 반장 완창 찬 넘들 세력만영원히 해쳐먹는거지 신사대주의에중국에 나라를 팔아먹는 친중파다 죽여야지,1,0
15893,살잇마 c8끼,1,0
15910,아니야 오빠 노무 귀여워,0,1
15917,여긴 응다시티,1,0
15934,살려 보내면 너도살고죽여 보내면 너도죽는다존나 멋있다 진짜 ㅠㅠ,0,1
15953,이게 국뽕들이 자랑스러워하는 개조선의 현실임,0,1
15964,아니 ㅋㅋㅋㅋ한녀들은 지들이 남편 용돈 쥐꼬리만큼 주면서 사는게마치 경제적인 참 여성이라고 생각하는거냐게다가 저건 또 도대체 뭐하는거냐 이미 중국 부호 아들인데 멍청하게 용돈 50만원 주면서 경제적일거라고 생각하는건가 난 진짜 이런거 볼수록 한국여자들 너무 역겹고 토악질이 나오네,0,1
15980,이제 그런쇼핑몰들은 단순한 쇼핑만으로는 유지힘듬쇼핑과 놀고 즐길거리 등등 전부 충족시켜붙어 돈 쓰게끔하게 바뀌는거지신세계 스타필드같은,1,0
15989,정신 너갱이 빠진 소리하고 자빠졌네새로운 시대를 피할 수 없다면 즐겨야지,1,0
15998,힘내세요따님이 좀 더 자라면 아버지의 그 숭고한 마음 알아 줄겁니다그나저나 문재인은 정말 십자슥입니다,0,1
16023,얜 대체 뭐하는 애임 성인영화배우임,0,1
16033,윤종신이 북어랑 여자는 3일에 한번씩 패야 한다고 라디오에서 말한적 있지않냐,0,1
16062,베트남 보지도 잘 쑤시고 다녔지,0,1
16063,야할때 존나귀엽네,0,1
16074,조선놈들 지능 낮으니까,1,0
16097,매국 자유당은 해산이답혈세도적민족반역자무노동무임금매국노나경원특검황교안특검공수처설치분노,1,0
16099,도배하지마 이 잡것아,0,1
16157,미국 서부면 저렇게 나올듯 시차있으니 세월호 뒤집힐때 미국은 아직 그전날이지,0,1
16158,조선족 단톡 ㅁㅈㅎ,0,1
16159,민주주의 절대 못 잃어 하고 부르짓어대던 좌파 새끼들은 이럴땐 꼭 민주주의를 잃어버리고 짓밟아버리고 싶어한다니까,1,0
16175,나도 절라도새끼싫어하긴하는데 넌 정신병적인거같다,1,0
16185,김종인 새끼를 수장으로 앉힐때부터 국힘당은 완전히 망함그전에 망한것도 있지만 부정선거를 왜 가만히 냅두냐 증거가 아주 차고 넘치는데국힘당은 지금 전세를 역전 시킬수 있는 방법은 부정선거 이슈화 밖에 없다,0,1
16187,한남 오늘도 1패,0,1
16193,얼굴에 개기름이 좔좔 흐르더라 ㄷㄷ,0,1
16199,똥 그만 싸고 봐바,1,0
16207,나라면 집도 어중간하게 짓고 구덩이좀 파고 안에 들어가서 벌벌떨고밤에 사슴 한마리만 지나가도 무섭고 오줌 지리면서 덜덜떨면서 울듯시간개념도 없어지고 서바이벌 프로그램 봤던거 떠올려봐도 영어배우면서도 실전으로 써먹으려면 어렵듯이막상 실전으로 해보려면 어떻게 해야할지 갑갑하고 다른사람들은 얼마나 버틸지 알수도 없고 존나 배고프고 3일정도 지나면 멘탈 나갈듯,1,0
16218,웜비어 아주매 페북에 쓰면 되지 빙시나 ㅋ,0,1
16232,아 그리고 진화남편분께 베이비시터이모님께 잔소리좀 안했으면 좋겠습니다 친엄마도 아닌데 잔소리 하시면 안되죠 상대방에게,0,1
16233,필력 씹오지노 몰입감 ㅆㅅㅌㅊ,1,0
16247,권력은 다 중국편 됨문재앙 정부더불당국민짐좌파언론조중동다 짱께 ㄸㄲ충들임,1,0
16255,다 괜찮은데 정치적 스탠스가 다르다는 이유로 손절하냐이 새끼 이거 내 스타일인데,1,0
16272,근데 개인으로 수십년간 따는 놈들있어 난이도가 존나 높아서 그렇지,0,1
16290,한국 버린 미국놈이 여길 왜 기어옴,1,0
16299,강간 후 살해했을 가능성은 없어,1,0
16324,손흥민도 일베 했었으면 흙수저 애비탓 하는 골방 백수로 자랐을텐데 ㅋㅋㅋ일베는 접는게 답이다,1,0
16330,이제 유명한 탐정님 뒤졌네ㅎㄷㄷ,1,0
16343,문재앙이 원하는대로 되어가고 있네,0,1
16347,이제 피해자 능욕은 보배 클리앙 딴지 좌빨들 드립 못 따라감,1,0
16353,니가 뭔데 일베 대표노 쪼렙새끼가 나대네,1,0
16361,강남구말고 다 거지 촌동네,0,1
16364,방탄노년단 ㅇㅂ,1,0
16370,네 다음 친일파후손새끼,1,0
16376,코로나가 면죄부다,0,1
16392,빡빠기 아저쒸야,1,0
16404,못나가겠네 ㅅㅂ,1,0
16409,와 존나 재밌다 ㅇㅂ 오지게 처박고 간다,1,0
16414,학부가 구리긴 하지만 그래도 박사학위까진 좀 심했다박사학위가 무슨 컴활 따위 ㅎㅌㅊ 자격증도 아니고 ㅋㅋㅋ,0,1
16451,이건희도 존나 거품인게 애초에 부모빨 금수저 물고 태어난 덕분이지지금 20대들처럼 열악한 환경에서 부모 도움없이 뭘 할수 있었을까지금 20대들이 스펙이나 능력면에서 이건희는 씹압살한다고 본다,0,1
16492,하지만 그렇게 된게 우리이니와 그놈을 찍은 자기자신 때문이라는 진실은 죽어도 모르겠지 아마만약 그 놈을 찍었다면 말이지만 근데 클리앙 하는 사람이라면 거의 구십구프로라고 봐야 안되겠음,0,1
16505,진정한 커미니스트,1,0
16515,넌 내가 저격한다,0,1
16522,ㅇㅂ완전 맛이갔네 ㅎㅎ,0,1
16527,닌텐도 게임은 원래 혼자하면 재미없다가족이나 친구끼리 모여서 해야 잼있는 것들이 많음그래서 솔플 접속해서 온라인하는 동양인보다 게임도 오프라인에서 모여서 하는 양놈들에게 더 인기인거설치 배경 자체도 서양식 집을 배경으로 하고 있지 좁은 단칸방 아시아는 해당 사항 없음,0,1
16537,진중권하고 쌍으로 문재앙하고 민주당 뚜드려패기 드립배틀중ㅋㅋ,1,0
16539,문대통령님은 설령 우한폐렴 감염되셔도 약복용하시지마시고 건강식도 드시지마시고 짜파구리만 평생드세요,0,1
16542,산전수전 다 겪은 지방여자애 부산 애가 원1나잇하는데 그랫슴 ㅅㅂ,0,1
16552,중국공산당 시진핑과 북돼지의 기생충 문재인 집단,1,0
16565,쪼카튼 끼,0,1
16599,어디 응씹니꺼,1,0
16632,ㅋㅋㅋㅋㅋㅋㅋㅋㅋ야동올리고 쪽팔림에 자살삼고빔,0,1
16634,와 생각이란게 있긴한건가,0,1
16639,원시인들 사람 만들어줬네,0,1
16640,근데 락찔이들은 왜 노래를못하냐 내주번 락찔이들은 노래는 존나못하면서 항상 내가부르는 노래들을 폄하함,1,0
16648,조국내 딸은 시험 한번도 안 보고 대학갔는데 ㅋ,0,1
16655,노인네면 면허를 반납시키거나 뺏어야지 차 사주고 앉았노 ㅁㅈㅎ,1,0
16656,박근혜가 좌천시킨 윤석열혼자 문재앙에 맞서 싸움,0,1
16666,맞어19살에 뭘안다고 많은경험을하기전에 진로결정하게만들고 그러니 70프로가 전공과관ㅇ련없는일을하네마네하지 돈버리고시간버리고 저게뭐야진짜 문제많음 개한민국ㅉㅉ,1,0
16673,노무 슬프다 ㅠㅠ,0,1
16680,이건희가 여자사원도 따먹어봤을까,0,1
16682,근데 일베충이노,0,1
16684,얘는 점점 문재앙따라서 관상 닮아가노,1,0
16685,훈훈하노 ㅋㅋㅋㅋ 더 망해라 문대앙 찍은 댁가다,0,1
16688,사람아닌 놈,0,1
16713,계속맞아라 맞다보면 답이나오겠쥐,0,1
16734,어이 기쁨조 수천명 보지 젖 빨고 주무른김일성김정일김정은 얘기도 해봐,0,1
16741,세탁기 들어가라 넌 건조까지 돌려줄게,0,1
16757,빌어먹을 철면피들 그 돈 가지고 잘먹고 하루빨리 디져버려라,0,1
16769,노태우가 영삼이랑 합당하는게 아니었는데 ㅆㅂ,1,0
16771,아 좀 꺼져 ㅡㅡ,1,0
16775,대가리가 텅텅비였는데어떻게 팽생기역하겟노 ㅋㅋ,0,1
16780,평소 관심도 없는년이었는데 남친 생겼다는 말듣고 먹고싶더라,0,1
16781,울 아버지는 우파의 성지로 알고계신다,0,1
16785,아재 솔직히 말해봐요 고추안서죠 낄낄낄낄 깔깔깔깔,0,1
16794,벌받기싫어 자살했는데 그나마 제대로 죽지도 않았냐 ㅋㅋ,0,1
16798,미개한 조선은 합의 때문에 망해법은 괜히 만들어서 지내들끼리 합의 보게 놔두냐,0,1
16803,Taiwan No 1센카쿠열도는 일본땅ㅅㄱ,0,1
16814,무능이 무능이,0,1
16818,여자들이 대단하지읺냐 어떻게 보지가 받아들이냐 ㅋㅋ,0,1
16819,당신에게어울리는 건 재기뿐입니다,0,1
16821,30년 넘게 살면서 느낀게 좌파 문주당 지지자들은 당장 눈에 보이진 않더라도 확실히 정신적 결함이 있다,0,1
16834,니 와이프는 너 즉어버렸으면 좋겠다고 생각하고 있을텐데 불쌍하노,0,1
16845,둘다 못생겼는데,0,1
16862,니들 남측 ㅋㅋㅋㅋㅋㅋㅋㅋㅋㅋㅋㅋㅋㅋㅋㅋㅋ,1,0
16863,피망쩌네 하고 봤는데 그냥 존똑인데,1,0
16865,티비가 사람 망ㅊ,1,0
16869,니관심얻을려고 하는말아니다 알아서 짜져있어라,0,1
16904,쇠파이프로 뚝배기 깨지고 길로틴으로 참수되는 여자는,0,1
16909,진짜 전범국하면 북괴지유엔및 국군포로들도 돌려주지도 않고 탄광등지에서 평생 강제노동이나 시키던 최악질중에 악질 김일성수괴와 같히,1,0
16911,뭐하노 민정게이,1,0
16922,여자장애인 나라 수듄,0,1
16939,나존나궁금한건데 7시간 그건 왜물어보는거야,1,0
16947,역시 대륙남들이 강하네,0,1
16962,짤 실루엣은 노짱 아니냐,1,0
17031,하 진짜 못된,0,1
17046,진짜 이게 나라냐 한번도 경험해보지 못한나라 맞다 진짜 이놈에 인간아 능력이 없으면 좀 내려와라,1,0
17069,움직이네 재앙이는 저렇게하면 연설불가,1,0
17072,청년 페미 집결용이지,0,1
17078,문재인 체포사형,1,0
17091,아빠가 대한민국에서 가장 돈이 많은 사람이더라도죽음 앞에선 여느 딸들과 같은 평범한 사람이구나 인생무상이노,0,1
17121,짱개나흑인조선족같은 열등앰창종자들헌테피임장려해야지백인들도 개슬람처럼 백린이좀순풍순풍낳으라는거아니고,1,0
17125,중간에 조형기새끼 면상보고 경악해서 ㅁㅈㅎ준다,1,0
17128,모범사례국민이 숱하게 죽었는데 당장 정신감정 받아 쉑캬,0,1
17137,다운로드 받은게 머 잘못이라고 까냐웃기는 새기들이네다운로으 안받는놈 있냐 여기,1,0
17148,야 늙은이 아직도 포르노영상 보고 있나요,0,1
17196,ㅋㅋㅋㅋㅋㅋㅋㅋㅋㅋㅋㅋㅋㅋ 갓본 고인드립 ㅆㅅㅌㅊ 광화문 물 퍼포먼스급,0,1
17197,ㅋㅋㅋ ㅅㅂ 별것도아닌데 볼수록궁금해지노,0,1
17199,석열이 냄새가 나노,0,1
17205,난 야한 얘기 친구랑만 해 썸남한텐 죽어도 못함 ㅠ 사바사긴 해,1,0
17212,티비로 직접 봤는데 욕나오더라ㅋㅋㅋ 처벌은 어케되는거야 쓰레기무단투기로 벌금내노 그럼 벌금 얼마,1,0
17215,너됴 듀겨듀까,0,1
17216,이새낀 누군데 씹 최고는 미베인이라며쫌있으면 또 새로은 슈퍼최고전문가 등판하는거냐,1,0
17243,투표할 자유도 없는 새끼들이 시진핑을 빨고 있으니 아이러니하다이제 먹고 살만하다고 남들 우습게 보는 저런 건방진 것들이 후진국 중공 놈들이다,1,0
17248,ㅇㅂ가 예견한 사태가 벌어짐 앞으로 3년 베네수엘라 꼴 진입그땐 굶은 한녀덜 김밥한줄에 공떡 가능할듯,0,1
17260,와 민족의 철전지 원쑤 일제놈들,1,0
17284,그러네 쓰리썸인듯,0,1
17301,니 말고는 고통이다,0,1
17332,ㄹㅇ ㅈㄴ 무섭,0,1
17337,내가 아는척 해줘야하고 공손하게 해줘야 할것같고 존나 부담스러움,0,1
17347,이 댓글 쓴 새끼 정체임아래 참고httpswwwilbecomview1126212779,1,0
17385,본문에왜 우리는 6개월이 넘도록 헌법을 위반해가며선거 소송을 깔아 뭉개고 있는가이 년놈들도 다 한패였단 말인가저사람들 얼굴까지 까면서 왜 올림 본문만봐도 욕하는건데곧 갈때돼서 눈깔 백내장 녹내장 각막혼탁 트리플로왔음공인이라 상관없다고 하길래 난 고소드립 치는줄 알았지그럼 공인이면 자기의견에 반했다고 얼굴까고 조리돌림해도됨 ㅋㅋㅋㅋㅋㅋㅋㅋㅋㅋ으따 우덜식 민주주의랑께,1,0
17404,ㅋㅋ ㅈㄹ 웃긴게 1세대 들고가서 욕먹고 바꿔서 갤들고 들어갔더니 왜 갤쓰냐고 치욕받음 한명은 삼성물산 한명은 삼전임 ㅋㅋ,0,1
17421,그자리에서 병사들의 고충도 좀 들어주세요,1,0
17424,꼰대의 표본,1,0
17426,틀선족들 지쳤냐트럼프글 왤케 안 올라오노,0,1
17430,아마존 빡돌아서한국에 회사차릴듯ㅋㅋ,1,0
17433,ㅈㅈㅂ ㅁㅈㅎ씨발 어제 일베 간걸 또 올리네,1,0
17436,묶을려면 꼬추를 묵지 왜 위를 묶노 ㅋㅋ,0,1
17450,이런 허세쩔은 쓰레기는 잡아다가 죽을만큼 패줬으면 좋겠다,0,1
17465,인종차별 발언을 저렇게 서슴없이 일삼는,1,0
17498,노사모 이었던 과거가 부끄럽노 ㅜㅜ,0,1
17501,전체주의 국가들 러시아 일본완전은 아니지만 사회분위기 단체분위기 한국 같은 나라는 그래서 게이들이 활개를 못침 반대로 미국 유럽에는 뭐만하면 자기가 게이라서 차별하는거냐고 빼액데고 대놓고 자기가 게이라고 하면서 빵뎅이 내고 다니는게 미국임 넌 그걸 원하는거냐,0,1
17517,전라도가 역시 부정선거 몸통이구나 민주주의의 적 전라도,0,1
17522,이게 바로 진정한 국사 공부다개차반같은 역사를 가지고있다고해서 그걸 인정하지 않고 환타지 소설을 써서 역사 왜곡을 하고 국민들을 국뽕 환자들로 만들어내면 안되지 ㅉㅉ니들이 저주할 대상은 일본이 아니라 북한과 무능하고 악랄했던 조선왕조다,1,0
17530,진짜 착각속에 사네 ㄷㄷ,0,1
17561,대깨근들 부들부들 거리며 몰려온다 ㅋㅋㅋ,1,0
17578,뭐땀시 싸우는지 궁금하네흑형 불쌍해,0,1
17581,그니까 빡대가리들은 암만 밥처먹고 기원에 처박혀있어봐야 마스터까지가 한계고 챌린지 올라가는건 타고난 천재들만 가능한거지,0,1
17586,ㅁㅊ 개쩐다 ㅅㅂㅋㅋㅋㅋㅋㅋㅋ,0,1
17610,진짜 쪽팔린다 자존감이 없냐,0,1
17621,이재용 존나 큼 한진 그룹 사람들이 제일 크고 그 담으로 이재용이 키 큼,0,1
17623,이래서 일제를 쓰라는거다,0,1
17631,귀신같아 머리좀 잘라요,0,1
17653,오 내옆에있노게이야,0,1
17663,택배기사선거때 표따먹기 좋자나문재앙은 진짜 자유 경제 시대랑 진짜 역주행하는거 도가 텄다 저런다고 해결되겠냐택배기사들 힘든거 알겠는데 진짜 택배가 필요한 대다수 국민들이 고스란히 피해 받는거다 하루 늦을거 이제 더 길어 질거고 10시이후 작업 안하면 뭐 택배는 계속 쌓이고 그거 물량 땔라고 5일동안 더 ㅈ뱅이 치게 된다 택배 상하차 하는 대가리들이 주5일근무다 해서 널널히 하겠냐 저거 그리고 택배 늦는다고 전화 ㅈㄴ 올거다 상담원들도 스트레스로 골로 가는거 시간 문제다 문재앙 진짜 눈가리고 아웅하는거 ㅅㅂ 지겹다,1,0
17672,ㅇㄱㄹㅇ유부녀가 최고지,0,1
17679,외교성향별 임계선친미친일친구쌉가능정치일절무관심친구가능반미친일성격좋다는전제하에 친구가능친미반일성격좋다는전제하에 친구가능친중반북성격좋다는전제하에 친구가능반중친북성격좋다는전제하에 친구가능친중친북친구불가능,0,1
17681,ㅇㄱㄹㅇ 인거 같다 우리가 마치 저능아나 지적 장애인을 보는 듯한 느낌인거지,0,1
17693,얼마 전 신입 노인 AV배우 1명이하타노 유이씨와 첫 촬영을 하자마자 기진맥진해서 그대로 은퇴했거든요졸라 웃기네 ㅋㅋㅋㅋㅋㅋ,1,0
17695,크 극딜15진다,0,1
17696,딸을 백인 주인님 아들한테 바친 노예는 주인님 선거 유세에 열심이라고 하는데,0,1
17708,노무현도 요트 유학 일본으로 다녀옴 나중에 그 선생 만나기까지 함,0,1
17720,결과적으로 다를거없다받아먹는 놈을 계속 놀고먹게 만든다,0,1
17722,먹고 뒤지니깐,1,0
17723,응급실서 사진찍어 올릴 정신 있나봄,0,1
17725,후룩은 빨아묵을때 나는 소리아니노 후룩 야하노,1,0
17726,얼굴 울퉁불퉁한 돼지년 말하는거냐,1,0
17728,양말 막 벗었나봐 발목에 양말자국,1,0
17738,왕충요프로 구라꾼특기 박쥐대가리 요리 둘러대기 핑계대기세상이 무너져도 못하는것인증영어중공비난제일 싫어하는것 팩폭Trick ass bitch Claims to be an Anerican but cant speak a word of Engilsh Tsung Yeo Wang a Trump hating Biden loving Chinese 2 dollar hoHahahahahahahaahahahahahahahahaHahahahaahanahahHahahaahahahajaHahahahahaha,0,1
17742,이놈 선거 조작으로 뽑힘강남구 커뮤에서도 아무도 이놈 안뽑았는데 왜 당선 되었냐면서강남에 연고도 아닌놈이 뜬금이 뽑혀서다들 말 많지구청장이라서 그냥저냥 넘어갔는데이번 총선 보면 100 선거 조작임국회의원 이전 구청장이라던지 시골 외진곳 군수라던지 간보기 한 후 이번 총선에 조작 시행한듯,0,1
17754,거품 잔뜩 낀 공포심에 부들부들 떨면서 효능없는 마스크 씌우면서 통제하는데 당연히 노예근성 가진 조쉔징들은 빌빌 기면서 백신 맞아야지 암 그렇고말고,1,0
17761,그런애들 진심 죠패야하는데,0,1
17777,민주화의 성지에서는 왜 자꾸 저런일들이 생기냐터가 안 좋은건가ㅋㅋㅋ옛말에 이런말이 있다라도인간들 전부가 사기꾼은아니다하지만 사기꾼들 대부분이 라도인간들이다,0,1
17781,씨발 2학년 2반 담임 개같은년 아직도 기억난다,1,0
17783,이런 새끼들도 흑인이 폭동일으키면 까나ㅋㅋㅋ 무슨 폭력 정당화야,1,0
17787,면상 아스팔트에 갈아버리고 싶네,0,1
17791,0TT보다 극장가격 네고해줬으면,1,0
17800,그건 문씨바리때문이지,0,1
17808,걍 찌그러져 있어,0,1
17822,아 좀 꺼져 ㅡㅡ,1,0
17826,안 산 사람은 길바닥 나앉게 생겼구만,1,0
17827,역시 큰물에서 노는 게이는ㅇㅂ ㅋㅋㅋㅋㅋ,0,1
17837,네 다음 호구,0,1
17844,아 삼엔이다ㅋ 착각함,1,0
17847,기분 노무노무 좋노ㅋㅋㅋㅋㅋ,0,1
17848,공부해도 뒤지게 생겻는데 공부가 잡히냐 생선대가리야,0,1
17880,게이같은 열사들이있어서 일베가 진짜 이 대한민국에 중심에 있다는걸 느낀다 ㅇㅂ,0,1
17887,재밌네 게이야 근데 저건 뭐 유도가 아니고 걍 레슬링이네 태클은 없애는게 맞는듯,0,1
17899,나 이거 촬영할때 실제로봄진짜 이년 ㅈㅇㄴ큼 대꼴,0,1
17900,진짜 아무리 버텨도 100살 이전에 다 형장의 이슬로 사라지는구나 씨바꺼 자비없노,0,1
17901,ㅋ ㅋ ㅋ 짤 존나웃기네박호두 방송에서 누가 이짤로 영상후원좀 해봐라,1,0
17913,한남고객은 저런광고 산경도안씀 ㅋㅋㅋㅋ,0,1
17928,쟤 말만 저러고 존나 잘 사는거 같던데ㅋㅋㅋㅋㅋ,1,0
17951,아마존이 망해야 직구시장이랑 소매업자들이 살아남아마존 셀러수수료랑 셀러들 착취하는거 최저가 절대 아닌거 알면 베조스 대머리는 시진핑 다음가는 쓰레기인거 알게된다,0,1
17952,여자가 따먹은거맞지,0,1
17977,ㅋㅋ 거창하네 글만,1,0
17982,힘내라 울엄마도 나 어릴때 돌아가셨는데 교통사고로아빠가 나 잘 챙겨줘서결과적으로는 바르게 성장할수있었다대학붙었을때 아빠랑 술한잔하면서 고마웠다고 얘기하니까아부지 눈물흘리시더라어릴때 소풍갈때도 아버지가 새벽에 김밥싸주셨음,0,1
17990,파리바게트는 사라지고 근처에 새로 생김,1,0
17993,천벌을 받을 무능한인간 공산주의 스파이,1,0
17994,천조국 게이는 ㅇㅈ이다 이기야헬조센 살거나 갓본보다 못사는 나라 살면 나한테 말걸지 마라 이기,1,0
18025,ㅋㅋ 꺼지세연,0,1
18031,ㅋㅋㅋㅋㅋㅋㅋㅋㅋㅋㅋㅋㅋㅋㅋㅋ 게이야 노무 커엽노 ㅋㅋㅋㅋㅋㅋㅋㅋ,0,1
18035,진짜 무소유는 스님이 아니라 내가하네ㅠ 집도없고 차도업고 ㅅㅂ ㅠ,1,0
18037,너그 아버지 뭐하시노불끄는데요뭔불그냥 불이요나참 그래 그불 어떻게 끄는데물뿌려서 끄죠주번 뒤에 대걸래좀 가지고온나,0,1
18045,진짜 저렇게 됐으면 좋겠다 ㅅㅂ,0,1
18082,잘된 일이긴 한데먹고 살거 없으면 전세계로 퍼져 나갈듯좌파 정권일때 존나 들어오겠지,1,0
18084,헐 김계란님 설마 고ㅈ,0,1
18093,아기x무현게이는 창밖에 오줌뿌렸으니 저정도는 양반이네ㅋㅋㅋ,0,1
18119,자세가 ㅗㅜㅑ,0,1
18126,만리 방화벽으로 세상이랑 단절되니까 지들이 세상에서 바퀴벌레 취급 받는 사실을 모르고 사네,1,0
18132,조선인다운 사고방식,0,1
18138,ㄹㅇ 선넘네 즁국슈ㅔㅇ키,0,1
18140,누가되든 뭔상관이냐 둘다 미친노인넨데,0,1
18186,ㅎㄷㄷ세싱 므삽다 이기,1,0
18194,뭐든줬다 뺏는건 어려움도둑놈 새끼들도 몰수당하면 지 물건도둑맞은거 마냥 화내는법일단 자기손에들어온이상 자기꺼임,1,0
18225,이거 다음웹툰 코알랄라 닮은거같은데,1,0
18243,이거 존나 큰건인데 솔직히 가세연도 이근 그만 때리고 이거 빨리 파야한다고 본다,1,0
18247,지구 악의 근본 1위 유태인 2위 무슬림 3위 중궈,0,1
18266,댓글이 살렸노이기 ㅋㅋㅋㅋㅋㅋ ㅇㅂ,0,1
18267,박원순 좆된 것 같은데,1,0
18269,ㅏ99ㅊ7,1,0
18271,메트로충 닥 ㅁㅈㅎ,0,1
18276,이러니 재인이 같은거에 깔리지어이니들 머리속에 있는 유일무이 일인자는백인들 머리속엔 인간계엔 없음최고중 한명,0,1
18286,흑인새끼 못일어나노 자체 손묶고 대주내 ㅋㅋ,1,0
18289,아따 시방 뭔 상황이당가,0,1
18294,좀 염병좀하지마 제발좀,1,0
18303,지잡댄데 뭐,0,1
18313,택배 보내는새끼들도자기들이보내는거 건당 1400원에 계약하더만우리가환불할때 5처넌 보내면 왕복 2800원 떼고2200원 먹음물건안팔고도 이득,1,0
18314,문재앙의 나팔수 mbc 라길래눈을 씻고 다시 봤다오죽하면 나팔수까지 저러겠냐해도해도 너무 하거든,1,0
18346,노짤이라서 아무것도 안주려다가 방역수칙 지키기 위해서라면 ㅇㅂ줌,0,1
18348,익명 원주캠퍼스 잖아 ㅂㅅ아,0,1
18364,저새끼도 그저 안정권같은 생계형일 뿐이야절대 믿지마,1,0
18375,거의 뭐 새로운 톨레랑스 정신이노 ㄷㄷ 박아주의,1,0
18386,무능한 문통,1,0
18430,누워게신분이 니네 아버지셔,0,1
18436,똥남아는 반품이다해도 서유럽이랑 해라,0,1
18446,문제는 쟤한테 대놓고 반박하는 사람이 없다는게 문제임 결국 반박하면 싸우게 될텐데 역사전공자보다 역사를 잘 알겠어 역사전공생만큼 역사를 달달 꿰고 있어야 싸움이 될텐데 사실상 우리나라 대가리에 역사 줄줄꿰고 있는 사람중에 싸울만한 사람이 거의 없음,0,1
18454,술만 존나처먹으니 싫어하지거기다 매번 외상하면 더 싫어하지저녁에 안주를 팔아야 낮에 모자란거 채운다,0,1
18476,쇼하고 사진 몇 판 같이 찍어주면 예전 처럼 앵벌이 가능한건가 정신대 할머니 들도 생각 좀 하고 그만 이용당하자,0,1
18481,아니 여고생이라는 팩트도 없잖아 메갈같은년아,0,1
18482,저거 애비 간첩임,0,1
18490,와 시바얼마나 맘고생했을까줫같네,0,1
18495,코로나 없었어도 이런데 문재앙 개꿀빨음,0,1
18506,갑을병정무기경신임계 자축인묘진사오미신유술해,1,0
18522,보면 볼수록 관련자들 다 패죽이고 싶노,0,1
18529,봐서 뒤통수를 치자는 개소리를 외교적 수사로 지껄인 거네,1,0
18539,조국 니 사상이나 먼저 개혁해라,0,1
18571,아니 좌파섹히들 도대체 왜 저러냐뭔 정의 평등 말만 그렇고 사실은 존ㄴ ㅔ 양이치 집단임,1,0
18574,가즈아 임둥호랑이,1,0
18576,그리고 화웨이 부사장 죽은거그거 중국소행이라 하는데중국에서 스스로 무기를 파괴할 이유가 없지커넥션의 증거 증인을 무기삼아 바이민주당에 딜을 쳐야하는데그걸 스스로 없앴다중국이 아니라 바이민주당 쪽에서 손 쓴거라 보여짐암튼 외교가 아닌 뒷구멍 커넥션은 지킬 필요가 없는거임특히 갑의 입장 강자의 입장에선이용해 먹고 쓰고 버리고 잘라내는거지그래서 목을 조르는게 아닌 목을 잘라 죽인다고 한거아무리 민주당이 공화당과 트럼프와 지지고 볶아도제 식구들 물어뜯을 광견병걸린 개새끼를 집에 들일수는 없는거임잠깐 사냥개로 쓰다가 죽여야지,0,1
18586,오 ㅅㅂ 좋은데 사네 거기 어떠냐 인종차별 있냐 쟙들 많냐 살기 좋냐,1,0
18589,물부족 국가 가능성을 보고 사대강 공사했지앞으로 가능성은 있다고 보지,0,1
18595,진짜 산채로 태워죽여야한다,0,1
18600,치매걸렸음 걍 내려와라 험한꼴 나도 보기싫다,1,0
18608,이제는 부정선거로 표 만들고 투표 사기질 도둑질 하면 되는데 꿀릴게 뭐 있겠노 ㅋㅋㅋㅋㅋㅋㅋㅋㅋㅋㅋㅋㅋㅋㅋㅋㅋㅋ415부정선거 못 봤냐 ㅋㅋㅋㅋ이거 바로 못 잡으면 문재앙 민주당 영구집권으로 북괴나 중국 노예 식민지 되는거야,0,1
18620,고생 많았다 이기,0,1
18626,나는 니가반드시나라 말아먹는다에한표,0,1
18647,도둑 제발 저려서 도둑놈들 쫌 잡자 지구를 다훔쳐간다,1,0
18673,진짜 노무나마이트 명짤이다 ㅅㅂㅋㅋㅋㅋㅋㅋㅋ,0,1
18685,예수는구주 뭘 검색하면 될까요니 논리는 인터넷 검색으로 해결되냐니가 생각하는걸 여기다가 씨부려봐라,0,1
18691,개지린다 시바 상상만해도 개지리네 ㄷㄷㄷㄷㄷㄷㄷㄷㄷㄷㄷㄷㄷ,0,1
18696,평균이면 체감상 작음 국어 평균 5등급이잖아 공부 ㅈㄴ못해보이듯이,1,0
18736,애초에 조선이랑 삼국이랑 다른 나라임 조선은 그냥 북방민족들 피가 너무 많이 섞임 신라는 튀르크족 국가라 중앙 아시아 양식이 예쁘고 백제는 중국 남조 문명 양식이 돋보엿고 고구려는 다민족 전투국가라 투박한게 멋잇엇는데 조선은 여진계가 세우고 몽골피 많이 섞이고 명나라 따까리라 그런지 멋대가리 없어짐,0,1
18749,당연하지 ㅅㅂ,1,0
18757,이거 짤방에 내가 미리 썼는데 그 새끼가 퍼와서 ㅇㅂ간거다그 새끼 지금 글삭튀했다,1,0
18758,리사 쑤,1,0
18774,정의구현 잘했도다,1,0
18797,얘는 평소 표정부터가 너무 썩어있드라,1,0
18800,몸캠 잇노,0,1
18802,태극기부대들은 U2가 그저 정찰기종류인줄 알겠지요 교양이나 식견이 있었다면 그리 되지않았을테니까요 무식이 죄입니다,0,1
18803,대가리 나빠서 계산을 잘못했음감빵갈줄 몰랐겠지,0,1
18855,대중은 저런 실무 전문가의 판단을 듣기원하니까 패널로 초빙된거겠지저 내용 그대로 한국의 4 15 부정 선거에도 적용될 수 있지만 개돼지들은 남의 일처럼 조용함아프리카보다도 못한 간첩 정권 노예민국 클라쓰미베인한국 총선은 사기극이라고 말한 미시건대 미베인 교수는 선거 사기 테스트와 측정 분야에서 세계적 권위자통계학적으로 분석하는데 적중률이 짱 높음미베인이 부정으로 판정했던 이란 터키 러시아 온두라스 콩고 케냐 이라크 볼리비아 등의 선거 모조리 부정인게 드러남,1,0
18862,나 2013년에 가입햇지만 일게이들도 참 사람이구나 싶네 오늘 밤은 유난히 길듯하다,0,1
18881,일안하는 자한당 나부랭이들,1,0
18883,먼저 이건희 회장님의 명복을 빕니다이건희 같은 사람은 두번다시 나오지 안을거다문재앙 같은 새키보다 차라리 이건희 회장님이 대통령 했으면 한국 이꼴 안났지 ㅋ,0,1
18891,이젠 별 그지같은것들까지 시위를하네,0,1
18892,그럼 무현이는,0,1
18899,혹시 관계자 성함이 야동왕,0,1
18910,넌 그냥 계속 입 쳐닫고 살아 찐따처럼 그랬던것 처럼 앞으로도 계속,0,1
18912,저런말한적없음 이새끼주작임,1,0
18923,돈은 벌고싶어서 킁킁대면서 한국어도 배우고 한국에도 살고 한국사이트도 기웃대는데지는 중화인이요 조선족이요 하면서 대접한번 받아보고싶고근데 공산당애들은 니 바퀴벌레같은 존재를 알기라도 하냐건강보험은 씨발 어휴 기생충같은 새끼들 오래는 살고싶나보지좆중국에서 버림받아서 여기와서 건강보험 타먹는주제에 말이많어,1,0
18924,미래통합당과 박근혜 꼴 나는 거냐,1,0
18930,섹스는 김대중이 제일 더럽지 친구 부인이희호하고 바람 첫번째 부인 자살 이희호랑 잘 살면서도 미국에가서 당시 18살이랑 섹스해서 애 낳음 그 분도 자살함,1,0
18940,존나좋은데사네 씨발 삼청동 언덕길가보면 죄다 드라마에나 나올법한 재벌집들만있던대,1,0
18955,나트륨덩어리 김치는해장국은 된장찌개는 김치째개는,1,0
18964,쟤네들도 이제 식상해서 안통할거 같은데ㅁㅈㅎ,0,1
18965,그래도 박정희가 자기 와이프인 육영수가 죽고난 이후에 여대생 주물럭 거린거니까 좀 봐줘라최소한 대중이처럼 지 와이프가 두눈뜨고 말짱히 살아있는데도 불구하고 다른여자 질싸해서 임신 시킨거는 아니잖아,0,1
18972,전에 소방관일게이가 짤올렸눈데 소방관 개꿀빤다고 기숙사에 소주병 뒹굴고 맨날쳐잔다고 글올렸었다,1,0
18973,23천 부르면 합의안됌5001000받고 합의하고 변호사 100주면 됌쥐를 막다른 길로 몰면 가랑이 벌리고 뒈짐ㅋㅋ,0,1
19011,짤 ㅈㄴ명쾌하네ㅋㅋ,0,1
19023,나도 섹스 하고 싶다,1,0
19025,리니지에서 ㅇㅂ 존나 까던데 ㅋ,1,0
19026,ㅇㄱㄹㅇ 시부레 세금이라고는 쥐꼬리만한 소득세에 부과세나 내면서 오히려 세금 제테크로 혜택은 더 오지게 받는것들이 세금이 어떻게 매겨지는건지 쳐 알아야지 그냥 100억이니까 10억 초과 45 ㅋㅋㅋ 똥글 오지게 싸지르네 시부레 비과세 구간 소득공제 구간 100억 소득이면 보통 사업자인데 그래도 70억이상 들고감 그리고 상속세 비과세 빼고 뭐하고 100 재산 제대로 신고하고 상속세 내는놈 대한민국에 10명 있냐,0,1
19074,힘 부치제 ㅁㅊ 진짜 돌랏나 보는 내가 다 화나네요,0,1
19075,대가리깨져도 이명박그네탓 ㅇㅇ 주문을외워 마음편해져,0,1
19077,먼개소리야 잘사는 애들도 많은데,0,1
19086,조선족은 연변으로,0,1
19089,그건 핑계고 종주국에서 지들 메달권 방어 한거지저기술 주면 레슬링 출신들한테 지들이 항상 강간 당하니까어차피 하체기슬 막았다고 비인기정목이 인기정먹 되는것도 아님,0,1
19091,첫 짤 저 백발아재 아직도 앵커하네 게이였지 아마,0,1
19095,행게이 만베 넘나고맙다,1,0
19108,제정신임늙어서 진짜 볼품없네,0,1
19110,성희롱 평균 3천이지 거기에 카톡방이 돌림빵까지 ㅋㅋ 1억 충분하다,0,1
19144,허리도 통짜에 피부도 저렇게 더러운데 사진은 왜 찍는거냐,0,1
19148,강씨가 전라도야,1,0
19155,불법촬영물 올리고 빤쓰런한 야동에 미치다,0,1
19178,즐이 뭐야,0,1
19188,그니까 싸게 공급해야지 멍충아,1,0
19194,저때 여자들 보징어넴새 미쳤을듯,0,1
19195,쓰레기통에 처박혔을텐데,0,1
19196,살짝 눈가가 젖었다 오늘은 너 짱먹어라,1,0
19201,개콘 망할만하네,0,1
19215,꼴등 ㅋㅋㅋㅋㅋ야 기분좋다하고 2틀만에 빤스런 집에감 ㅋㅋㅋ,1,0
19218,짬짜면은 A와B가 나란히 병존하는거니까 다르다좀 정확히 말하면 이종교배라고 해서 ABAB같은 개념이라 감자와 토마토가 섞인 포마토같은거라고나 할까,1,0
19225,디카프리오나였으면 인터뷰고 연예계고 나발이고 키스 박았다,0,1
19227,근데 부정선거라고 떠드는 새끼들도 개븅신새끼들가세연이고 김소연이고 민경욱이고 다 문제야아니 부정선거 할거라고 예상한 사람들이 얼마나 많았는데현역 국회의원 후보라는 작자들이 강건너 불구경 했놓고이제와서 떠드는것도 정상은 절대 아니지 아니야,1,0
19231,ㄱㅋㅋㅋㅋㅋㅋㅋ아 존나웃기노ㅋㅋㅋ신박하노,1,0
19247,ㅇㅇ 똥무더기 옆에서 애 주사기꼽을라고하다가 권총 첫발쏠때 옆에잇엇는데원빈이 손짓으로 옆으로 지키라고 까딱까딱 하는데그때 여자 아역배우임그때 그씬에 아역배우10명정도인데 누군지 찾아줘,1,0
19250,어지간히좀 해처먹어라 이제는국민통신료2만원 명분세워서 기사챠올리냐 얼마나 해처먹엇길레 국민명분을파냐 진짜 꼴봐기싫네,0,1
19279,감염사실이 마피아게임때문이었다고 보는 기레기야 에라이 연습중에는 마스크쓰고 연습하냐,1,0
19282,방송봤는데 여자 좀 어려보이고 몸매도 나쁘지 않은것깉아서 생리대는 좀 팀나더라,0,1
19284,존나 스윗해,1,0
19312,존나 부럽누,1,0
19320,이거 보고 민주화 때림시발 팩트일베에서 구라를 퍼나르노,1,0
19323,저거 뽑은 놈들은 진짜 벌받는다,0,1
19334,그래 미안하다 이기 내가 취향존중을 안해줬노 나도 7번째가 있지만 내 취향은 이글이랑 딱 맞는거 같다 이기,0,1
19358,아니 근데 이해가 안되는데 몰카찍고 공유하는거 요즘 한국에서 민감한 사안인데 미친거 아니냐 생각해보니까 합의금 3천도 싼거같은데 저거 징역에 전자발찌감 아니냐 5천받아라,0,1
19359,한국인 많이 죽인 중공통일 방해한 중공국토 파괴 중공원수의 나라,0,1
19379,그러게 ㄹㅇ 딱 ㄹㄷ 인성 수준 인증 하는지 ㅋㅋ멀리 예를 들 필요도 없이 전쟁 난거 생명 다해 살려주고 먹여주고 입혀주고 재워 줬더니 반미 하는 개 ㅅㅂ ㅃㄱㅇ 것들 처럼은혜를 모르는 것들은 ㄹㅇ 금수 이하로 대우 해줘야지,0,1
19380,ㅋㅋㅋㅋㅋㅋㅋㅋㅋㅋㅋㅋㅋㅋㅋㅋㅋ 촛나웃기네,0,1
19406,풀발 풀소유 ㄹㅇ 속세템 갑부,1,0
19416,이게 일베 수준이다,0,1
19427,천멸중공좆선족 멸망 기원,1,0
19428,드웨인 존슨 더 락 이 사모아 섬 혈통 미국인이라나중에 일부러 부족정신을 기리는 차원에서 전통 문신을 함아시아계 폴리네시안들이랑 같은 부위에 새긴 어부 문신인데 문양이 독특함,1,0
19433,뭐야 시발 왜 서노는 아저씬데 류준열은 오빠야 둘이 동갑이잖악,1,0
19436,얘 경찰청장보고 뭐라 하는게 존나 역겹더라 ㅋㅋ양심이 있으시면 물러나야 하는거 아닙니까비겁하게 자리에 연연하십니까요래 말함 ㅋㅋㅋㅋㅋㅋㅋㅋㅋㅋ지금 지보고 하는말 잼 ㅋㅋㅋㅋㅋㅋㅋㅋㅋㅋㅋㅋㅋ,0,1
19437,문재인 새해복 존나 많이 받으세요7,1,0
19440,청와대 돼지와 광주 질본 돼지,0,1
19447,죽긴 왜 죽어,1,0
19460,잡았다 요놈,1,0
19482,대가리 존나 크다 롹커인가,1,0
19483,같이 대가리 오분간 박자 ㅠㅠ,0,1
19485,문재앙이 저런 비행청소년을 만들어내고있다 경제외교안보 다개작살,0,1
19503,똥오줌도 안싼다고 해도 믿어야겠네 ㅋ,1,0
19506,대체 왜 국민세금으로 정치성향이 한 쪽으로 짙은 방송을 지원하는거냐 ㅅㅂ,1,0
19511,ㅋㅋㅋㅋ 팩트쳐먹고 아가리폭파되서 케스터네츠 짝짝거리고있다 ㅋㅋ,0,1
19518,최고다최고다해주니까 선을넘네,0,1
19530,에르메스 인정,1,0
19531,원글 논리 대로라면 놀러간 거든 상업이든 시발 사적목적이잖슴,0,1
19565,아 미친듯이 쪼겠다 글 지우지마라 존나 웃기다 ㅋㅋㅋ,1,0
19570,나같으면 오뎅 꼬치로 경동맥 찔러 죽였음,0,1
19580,문빠들의 수가 100만 쯤 되는듯,0,1
19594,명동 망한건 다 자업자득이지쭝궈에 빌붙던 자들은 이참에 물갈이되고새로운 명동으로 거듭나야지,0,1
19613,애가 무슨죄라고이뻐해도 모자랄 판에,1,0
19624,저명한 미베인,1,0
19648,제주도 전라도 우방국임,0,1
19689,홍진영 너는왜 거기 있니,1,0
19697,기독청 도ㄹ ㅏㅇ ㅣ네,0,1
19698,당신은 사랑받기위해 태어난 사람,1,0
19713,발열체크에 아무이상없었으니 의심은갔어도 단순감기라고 생각했을수있겠네광주는 18코로나지뢰밭,0,1
19716,ㅇㅇ그런거 같어회사에서도 조용히 덮자는 식으로 마무리개인합의 본다길래 5000 미만 합의 하지말랬더니 상대방 돈없다고 배째 시전결국 피해자가 3000으로 깎아주기로 했는데그 3000도 일시불이 아닌 분납ㄷㄷ개호구 맞지,0,1
19719,너 미쳤니,0,1
19724,오우 섹 매니아,0,1
19753,너는 이미 좌빨이잖아 ㅋㅋㅋ 너랑같이되긴 싫긴하네,0,1
19761,개색기들 증거없었으면 끝까지 오리발 내밀었을거아냐 폐업해라,0,1
19772,솔까말 박지선은 머리만 길고 공부만 잘할뿐일게이들과 비슷한 삶을 살아서 감정이입 오진다남일같지가 않다이기,0,1
19805,여자는 안그런거같냐여자도 자위하고지룰연병함남자애들시키면 인권문제 운운하는데여자가제정신이 아닐확률더높다알고뽑아라난사람뽑을떄 여자는 믿고거른다문제100퍼생김결혼해서 애하나 낳는용이 끝임,0,1
19811,ㅁㅊ 똥베틀 글 싸지른 것 좀 봐라 ㅋㅋㅋㅋㅋㅋㅋㅋㅋㅋㅋㅋㅋㅋㅋㅋㅋㅋㅋㅋㅋㅋㅋㅋㅋㅋ,1,0
19857,ㅇㅂ에 미친놈이 많다는걸 다시한번 느낀다,0,1
19862,아니 뭐야 요새 ㅡㅡ 말종들 왤케 많아,1,0
19870,ㅇㅇ평소에 인사만하는사이한테 노무땅크하는건 뻘쭘일송합니다,0,1
19937,남자는 솔직히 못생겨도 존나게 못생긴거 아니면 오히려 이쁜여자하고 결혼할수있는거같아 젊을때나 남자나 여자나 이쁘고 잘생긴거 따지지 결혼생활하면 오히려 여자는 잘생긴남자와 동등하게 있는거보다 편안하게 해주고 자기를 위해 희생해줄수있는 사람을 자연스레 원하는거같음 사회생활도 힘든데 밀당하면서 연애하듯이 결혼생활하는거는 내가 여자입장이라도 스트레스받을거같음반대로 남자는 이쁜여자 아니면 솔직히 거리감 두는게 사실인거같음 다른것도 보겠지만 다른조건 아무리 좋아도 얼굴이 맘에 안들면 거리감을 엄청 크게 두는거같음 여기서 왜 이런얘기하는건진 모르겠지만 박지선씨같은 경우는 도대체 무슨일이 있었는지 정확히 조사해볼 필요가 있을듯,0,1
19946,걸레는 미래의 니딸 처럼,0,1
19982,상생은 얼어죽을 대주주 양도세 3억 이건 말이야 방구야 기관 외인은 한푼도 안 걷으면서 힘없는 개미들 돈만 얍실하게 쪽쪽 빼먹을라고웃기지도 않는다상생이란 단어는 개나 줘버려라,1,0
19994,뭔애미터진소리임 ㅋㅋ내가 초상권침해로 안된다고 말했고너는 초상권침해가 맞다며 ㅋㅋ 거기에 한술더떠 초상권침해로유무죄가 판결된다며 ㅋㅋ애초에 초상권침해랑 명예훼손은 보호법익이 다른데 왜자꾸 씹쏘리하는지모르겠네잘모르면 그렇구나 하가 배워가라,1,0
20002,저 냔방이 부정이 여러건 있다고 했는데 주장한 수 보다 실질적으로는 주장한 수보다 적다고 지적 당해서 수정했다고 하는데 부정이 있었던건 사실은 사실이지 물타기 하려는 니가 좆족 같은데,1,0
20016,ㅆㅂ꺼 84년생인데 남일이 아니다 돈은 착착버는데 워커홀릭 10년넘게하다 돌아보니까 내가 머땜에 이리사는지 몰겠다 그렇다고 계속 해오던일 안하고 띵가띵가 쉬면 죽을듯,0,1
20024,리얼돌반대하는 남자들이 더쓰레기들이지 적당한가격에 내가원하는 체형만져보고 딸한번친다는데,0,1
20027,진짜 징하다 구치,0,1
20034,막줄서 ㅇㅂ 존나카리스마 있어,1,0
20066,눈치게임 졌노 ㅋㅋ,0,1
